station,node,x,y,z,qx,qy,qz,qw
P02S,HP0201,-444.632690429688,81.8995208740234,1.84773133579694,0,0,0.038098627389084,0.999273983745733
P02S,HP0203,-419.910095214844,83.8438873291016,1.84773133579694,0,0,0.0608588258439726,0.998146383711775
P03S,HP0301,-392.878875732422,87.9508895874023,1.85388949630427,0,0,0.0383124219392795,0.999265809644835
P05S,HP0501,-363.099212646484,88.583137512207,1.7369128156966,0,0,0.0449238915647572,0.998990412349727
P05S,HP0503,-358.096435546875,98.8844299316406,1.74255944345259,0,0,0.792583039579005,0.609763991534189
P0504N,HP0504N01,-297.827514648437,94.0669555664062,1.75708244505018,0,0,0.0410474339214168,0.999157198927409
P0505N,HP0505N02,-239.063903808594,98.9234848022461,1.74525651160739,0,0,0.0337607101494364,0.999429944743605
P0505N,HP0505N03,-208.204254150391,101.679389953613,1.74377685807852,0,0,0.0541411612537242,0.998533291712449
P0505N,HP0505N06,-200.567565917969,114.075523376465,1.7510756743299,0,0,0.797718783602949,0.603029636325639
D01S,HD01S01,-204.882141113281,148.314971923828,1.76077257273858,0,0,0.728594171267441,0.684945642803216
D01S,HD01S03,-194.289611816406,162.845245361328,1.76109541240797,0,0,0.130595446440842,0.991435741421963
D01S,HD01S05,-206.959457397461,156.817184448242,1.76102293004853,0,0,0.917790540975693,0.397064884994311
D01S,HD01S06,-219.196243286133,162.435073852539,1.76059337113644,0,0,0.991683810048845,0.128698177481295
D01S,HD01S07,-238.96940612793,163.98095703125,1.76001644975992,0,0,-0.999614891529063,0.0277501105104063
D0117N,HD0117N01,-267.818389892578,161.83610534668,1.75797709342739,0,0,-0.998967040860529,0.0454406346165962
D17A,HD17A01,-335.385345458984,153.025024414063,1.7438220904564,0,0,0.995980564958114,0.0895696054792941
D17S,HD17S01,-335.764526367188,149.927658081055,1.74311347806576,0,0,0.981122178616075,0.193388910301617
D17S,HD17S02,-367.608367919922,154.495727539063,1.74202677049159,0,0,-0.998416047353115,0.0562618555309251
D17S,HD17S03,-349.284057617187,155.891372680664,1.74202677049159,0,0,-0.997416416122548,0.0718365704168254
D17S,HD17S04,-354.579254150391,147.223251342773,1.74285206995238,0,0,-0.754024566859553,0.656846216836379
D17S,HD17S05,-354.376281738281,137.722625732422,1.74287640906574,0,0,-0.673111091842387,0.739541383587659
D17S,HD17S06,-383.293151855469,153.284072875977,1.74202677049159,0,0,-0.999828992355751,0.0184928647019269
D17S,HD17S07,-439.841461181641,148.769638061523,1.74285206995238,0,0,-0.998484167693932,0.0550396844518256
D17S,HD17S08,-479.436431884766,145.628707885742,1.74287640906574,0,0,-0.99946045340719,0.0328451225465009
H05N,HH05N01,-351.981811523437,109.999168395996,1.74311603359582,0,0,-0.6641282673891,0.747618649081704
H05N,HH05N02,-351.927856445312,87.4798583984375,1.748127799149,0,0,-0.905113999687569,0.425168963553987
H05N,HH05N03,-365.933746337891,83.1546859741211,1.748127799149,0,0,-0.982481629730505,0.186359457077152
H05N,HH05N04,-351.311187744141,90.148681640625,1.748127799149,0,0,-0.238846837578197,0.97105725278116
P0501N,HP0501N01,-361.195098876953,127.079078674316,1.74226590623101,0,0,0.695887812254794,0.71815050842789
P0501N,HP0501N02,-360.379211425781,141.585601806641,1.7424661840408,0,0,0.725195414608635,0.68854310731472
P0501N,HP0501N03,-367.637023925781,154.371337890625,1.7424661840408,0,0,-0.999609414741639,-0.999609414741639
P0501N,HP0501N04,-383.659729003906,153.376113891602,1.73101947652762,0,0,-0.9975308032389,0.070230311045554
P0502N,HP0502N01,-439.404937744141,148.880676269531,1.84773133579694,0,0,-0.998737723983726,0.0502290622230517
P0503N,HP0503N01,-479.273742675781,145.588806152344,1.84773133579694,0,0,-0.999118620113587,0.0419759805403261
H01S,H01S01,-528.201354980469,133.417877197266,1.84773133579694,0,0,0.980911212344886,0.991906521227878
H01S,H01S02,-544.117736816406,137.715515136719,1.84773133579694,0,0,-0.999448086326218,0.0332193127391206
H01S,H01S03,-576.611267089844,135.11767578125,1.84773133579694,0,0,-0.998371610011578,0.05704496755095
H01S,H01S04,-588.691711425781,146.652221679688,1.84773133579694,0,0,0.552620347249242,0.8334331117769
H02S,H02S01,-528.12255859375,136.7275390625,0,0,0,0.993860915264129,0.110636707788816
H02S,H02S02,-537.429260253906,138.30891418457,1.84773133579694,0,0,-0.999185618266426,0.0403497242808424
H02S,H02S03,-576.611267089844,135.11767578125,1.84773133579694,0,0,-0.998371610011578,0.05704496755095
H02S,H02S04,-588.691711425781,146.652221679688,1.84773133579694,0,0,0.552620347249242,0.8334331117769
H04N,HH04N01,-375.871673583984,169.285568237305,1.73934829947967,0,0,-0.0788021276112205,0.996890277153883
H04N,HH04N02,-363.237701416016,161.499588012695,1.73934829947967,0,0,-0.447099765664905,0.894484096863878
H04N,HH04N03,-353.788970947266,131.81916809082,1.73934829947967,0,0,-0.661801935079346,0.749678730340693
D02S,HD02S02,-118.0283203125,169.761169433594,1.75919948859275,0,0,0.0240532048142507,0.999710679815997
D03S,HD03S01,-61.4597434997559,173.113784790039,1.75758900351413,0,0,0.0320733778698525,0.999485516869563
D0301N,HD0301N01,-42.5987396240234,174.750900268555,1.75708244248739,0,0,0.0334933077671245,0.999438941774242
D0301N,HD0301N02,-21.9303016662598,179.020309448242,1.75680919968196,0,0,-0.00162837460124169,0.9999986741972
D0301N,HD0301N03,-12.7043371200562,172.967498779297,1.75477876405543,0,0,-0.545661697811267,0.838005555794069
D0301N,HD0301N04,-7.85080862045288,167.148864746094,1.75477876405543,0,0,-0.617831877237104,0.786310225972979
D04A,HD04A01,-8.02874279022217,126.462211608887,1.74317767747589,0,0,-0.711129024572074,0.70306152676076
D04A,HD04A02,-12.5777864456177,116.238662719727,1.74317767747589,0,0,-0.958420552170389,0.285359501642062
D04S,HD04S01,-4.37682867050171,127.454933166504,1.74317767745978,0,0,-0.703709097419677,0.710488216797987
D04S,HD04S02,-12.4839057922363,116.311859130859,1.72794450374009,0,0,-0.9664613229589,0.256812210037865
D04S,HD04S03,-3.82716274261475,116.71565246582,1.74378925161723,0,0,-0.770658879941928,0.637247903697339
D04S,HD04S04,-8.42489337921143,96.5213775634766,1.75687464990929,0,0,-0.807029496550394,0.590511127496864
D04S,HD04S05,-4.6901593208313,93.0674896240234,1.75285189675218,0,0,-0.669299964191683,0.742992300049612
D0401N,HD0401N01,-44.2382888793945,109.674575805664,1.73172771401331,0,0,-0.998244636149283,0.0592253864418379
D0401N,HD0401N02,-45.6870727539063,112.30640411377,1.73748246445449,0,0,0.993088293002995,0.117369682202848
D05S,HD05S01,-96.2834091186523,105.29573059082,1.73236259134609,0,0,-0.999365500360376,0.0356173649987695
D05A,HD05A01,-84.4103698730469,109.233825683594,1.72671068514379,0,0,-0.94582731565531,0.324670123294814
D05A,HD05A02,-96.2834091186523,105.29573059082,1.73236259134609,0,0,-0.999365500360376,0.0356173649987695
D06S,HD06S01,-151.313461303711,100.737777709961,1.7323605372655,0,0,-0.998927089816801,0.0463105736321357
D06A,HD06A01,-141.907791137695,104.423782348633,1.72645769239239,0,0,-0.937729493626172,0.34736637255728
D06A,HD06A02,-151.313461303711,100.737777709961,1.7323605372655,0,0,-0.998927089816801,0.0463105736321357
D0601N,HD0601N01,-173.397705078125,99.3714218139649,1.7359294323161,0,0,0.996419158034382,0.0845509402789387
D0601N,HD0601N02,-188.111587524414,100.116203308105,1.73208716744445,0,0,-0.998159741383435,0.0606393492820831
D0601N,HD0601N03,-195.687408447266,91.9152984619141,1.74343498518737,0,0,-0.673199537322629,0.739460873169499
D0601N,HD0601N04,-191.956878662109,80.2519378662109,1.75161182409627,0,0,-0.656456571184281,0.754363818160029
D11A,HD11A01,-191.608993530273,49.1171989440918,1.76003002629478,0,0,-0.459938035883968,0.887951013934439
D11A,HD11A02,-187.707626342773,23.4998435974121,1.7652,0,0,-0.833812899974162,0.552047142766519
D11A,HD11A03,-186.731216430664,19.8212909698486,1.7652,0,0,-0.691913461057258,0.721980444615896
D11S,HD11S01,-190.199615478516,59.7534866333008,1.75364221892625,0,0,-0.675607525903456,0.737261467148942
D11S,HD11S02,-187.707626342773,23.4998435974121,1.7652,0,0,-0.833812899974162,0.552047142766519
D11S,HD11S03,-186.731216430664,19.8212909698486,1.7652,0,0,-0.691913461057258,0.721980444615896
D12S,HD12S01,-184.644622802734,-5.85814571380615,1.7652,0,0,-0.748555369929883,0.663072287272765
D12S,HD12S02,-191.326705932617,-31.6297416687012,1.7652,0,0,-0.686810023959525,0.726836976899715
D12S,HD12S03,-190.379425048828,-62.8679275512695,1.7652,0,0,-0.845891247269599,0.533355414140216
D12S,HD12S04,-222.200546264648,-80.3048400878906,1.7652,0,0,-0.999419473266211,0.0340692890487843
D12S,HD12S05,-235.744445800781,-84.2531890869141,1.7652,0,0,-0.971935790119637,0.235246296218489
D12A,HD12A01,-188.706390380859,-5.2998685836792,1.7652,0,0,-0.687410121183403,0.726269457773503
D12A,HD12A02,-191.733657836914,-24.4870586395264,1.7652,0,0,-0.685151456263483,0.72840063288003
D12A,HD12A03,-190.379425048828,-62.8679275512695,1.7652,0,0,-0.845891247269599,0.533355414140216
D12A,HD12A04,-222.200546264648,-80.3048400878906,1.7652,0,0,-0.999419473266211,0.0340692890487843
D12A,HD12A05,-235.744445800781,-84.2531890869141,1.7652,0,0,-0.971935790119637,0.235246296218489
D07A,HD07A01,-6.76749181747437,71.6998443603516,1.75570512304616,0,0,-0.521215748887837,0.853424948727942
D07A,HD07A02,-1.87012958526611,61.2934036254883,1.76157005003636,0,0,-0.68674973440311,0.726893941574187
D07A,HD07A03,-2.14800596237183,33.8305168151855,1.7652,0,0,-0.830691227215253,0.556733405704757
D07A,HD07A04,0.609460353851318,31.7855815887451,1.7652,0,0,-0.684083949081224,0.729403283931076
D07S,HD07S01,-2.14800596237183,33.8305168151855,1.7652,0,0,-0.830691227215253,0.556733405704757
D07S,HD07S02,0.609460353851318,31.7855815887451,1.7652,0,0,-0.684083949081224,0.729403283931076
D08A,HD08A01,-1.72643804550171,9.60409545898438,1.7652,0,0,-0.683213905615501,0.730218295562096
D08A,HD08A02,-0.430591583251953,-0.47455358505249,1.7652,0,0,-0.644101312432284,0.764940193298149
D08A,HD08A03,0.657754182815552,-9.04689788818359,1.7652,0,0,-0.808208962692961,0.58889580795143
D08A,HD08A04,-2.19159936904907,-12.9519176483154,1.7652,0,0,-0.947134291921778,0.320837393496817
D08S,HD08S01,-2.19159936904907,-12.9519176483154,1.7652,0,0,-0.947134291921778,0.320837393496817
D0801N,HD0801N01,-37.3815269470215,-16.0319023132324,1.75306593307582,0,0,0.976952261371072,0.21345790920448
D0801N,HD0801N02,-38.5715408325195,-18.0541839599609,1.7652,0,0,-0.997262972895837,0.0739362082538456
D09S,HD09S01,-90.9837646484375,-22.7025928497314,1.7652,0,0,-0.999659189555468,0.0261056456979035
D09S,HD09S02,-94.0645523071289,-19.8524627685547,1.74870831576468,0,0,0.985590651263335,0.169148065736251
D09A,HD09A01,-75.7987289428711,-19.2976627349854,1.7652,0,0,-0.968762784836869,0.247989247176393
D09A,HD09A02,-90.9837646484375,-22.7025928497314,1.7652,0,0,-0.999659189555468,0.0261056456979035
D09A,HD09A03,-94.0645523071289,-19.8524627685547,1.74870831576468,0,0,0.985590651263335,0.169148065736251
D10S,HD10S01,-139.87370300293,-26.4789295196533,1.7652,0,0,-0.999425498480682,0.0338920785234607
D10A,HD10A01,-130.552688598633,-23.7000102996826,1.7652,0,0,-0.946113544757589,0.323835082142485
D10A,HD10A02,-139.87370300293,-26.4789295196533,1.7652,0,0,-0.999425498480682,0.0338920785234607
D1001N,HD1001N01,-180.814682006836,-28.2310657501221,1.7652,0,0,-0.997955853427709,0.0639070779286021
D1001N,HD1001N02,-187.960845947266,-32.1655235290527,1.7652,0,0,-0.856166611504984,0.516699848407248
D1001N,HD1001N03,-190.379425048828,-62.8679275512695,1.7652,0,0,-0.845891247269599,0.533355414140216
D1001N,HD1001N04,-222.200546264648,-80.3048400878906,1.7652,0,0,-0.999419473266211,0.0340692890487843
D1001N,HD1001N05,-235.744445800781,-84.2531890869141,1.7652,0,0,-0.971935790119637,0.235246296218489
P04S,HP04S01,-261.460113525391,-88.8673324584961,1.7652,0,0,-0.99840208999618,0.0565089965515272
P04S,HP04S02,-268.610137939453,-83.5967407226562,1.7652,0,0,0.719051531394289,0.694956757791107
P04S,HP04S03,-267.715026855469,-55.4543190002441,1.7652,0,0,0.726168307271646,0.687516973982629
P0401N,HP0401N01,-269.542663574219,-30.3257904052734,1.7652,0,0,0.724855726839406,0.68890070058617
P0401N,HP0401N02,-273.893981933594,-10.4748659133911,1.7652,0,0,0.880941362742669,0.473225438252308
D18A,HD18A01,-274.978729248047,9.25012588500977,1.7652,0,0,0.580785718826725,0.814056477651843
D18A,HD18A02,-276.625305175781,23.4003238677978,1.7652,0,0,0.893255647585124,0.449549049667864
D18S,HD18S01,-272.550445556641,7.26135969161987,1.7652,0,0,0.733331572040792,0.679871168272475
D19A,HD19A01,-278.595642089844,47.8068542480469,1.75653465580572,0,0,0.57350641614062,0.819201068508545
D19S,HD19S01,-275.558227539062,41.7225799560547,1.76019536533123,0,0,0.73498986062154,0.678078096374989
D1901N,HD1901N01,-280.824279785156,86.8988800048828,1.74377688362415,0,0,0.876306030205106,0.481754856152139
D1901N,HD1901N02,-298.859222412109,89.1111602783203,1.74451600169091,0,0,-0.998838650998069,0.0481803826505939
D1901N,HD1901N03,-325.190277099609,87.1152954101563,1.77269420400927,0,0,-0.999969101351961,0.00786106489938084
D1901N,HD1901N04,-343.7783203125,85.5041656494141,1.7710966112851,0,0,-0.999921034198663,0.0125668360010268
D13S,HD13S01,-302.405181884766,-92.1192092895508,1.78008577664939,0,0,-0.999209239685906,0.0397604744226537
D14S,HD14S01,-335.657470703125,-89.264533996582,1.772405890826,0,0,0.735533507364836,0.677488346426403
D14S,HD14S02,-338.236999511719,-45.6468696594238,1.77107092969555,0,0,0.743606203537486,0.668617838574896
D1401N,HD1401N01,-344.496032714844,41.3602333068848,1.77107092969555,0,0,0.734547011828782,0.678557799611358
D20S,HD20S01,-346.027587890625,61.5009536743164,1.77107092969555,0,0,0.759125307980188,0.6509445189753
D20S,HD20S02,-348.143218994141,78.7492065429688,1.77107092969555,0,0,0.778432133330527,0.627728774072437
D20S,HD20S03,-353.455780029297,84.7701034545898,1.77107092969555,0,0,-0.999767693274731,0.0215536420152823
D20S,HD20S04,-365.972137451172,83.1432800292969,1.77107092969555,0,0,-0.983222262335732,0.182411575420544
D15S,HD15S01,-412.906677246094,78.1516799926758,1.77107092969555,0,0,-0.997917660719526,0.0645007164616759
D15S,HD15S02,-438.081665039063,77.2548217773438,1.77107092969555,0,0,-0.998828830333514,0.0483835477676534
D15S,HD15S03,-469.224700927734,77.1100234985352,1.77107092969555,0,0,0.727455094462831,0.6861552925833
D21S,HD21S01,-441.892639160156,42.2676811218262,1.77107092969555,0,0,-0.531427444859622,0.847103813502202
D21S,HD21S02,-440.194488525391,72.4858856201172,1.77107092969555,0,0,0.740679897192546,0.671858087615859
D1501N,HD1501N01,-493.641174316406,72.8574371337891,1.77107092969555,0,0,-0.999273502912196,0.0381112368939782
D1501N,HD1501N02,-506.569610595703,71.9417419433594,1.77107092969555,0,0,-0.999492137536653,0.0318663929934355
D1501N,HD1501N03,-526.682922363281,70.2330780029297,1.77107092969555,0,0,-0.999459689229265,0.0328683678593916
D22S,HD22S01,-499.892791748047,40.7889556884766,1.77107092969555,0,0,-0.662104004179174,0.749411961240214
D22S,HD22S02,-497.157531738281,66.2628631591797,1.77107092969555,0,0,0.735249075202121,0.677797017855955
D2201N,HD2201N01,-581.667236328125,66.0775299072266,1.77107092969555,0,0,0.999975289723738,0.00702993185789168
D2201N,HD2201N02,-588.612915039063,55.7584953308106,1.77107092969555,0,0,-0.644094243907261,0.764946145140645
D2201N,HD2201N03,-587.103149414063,40.7509155273438,1.77107092969555,0,0,-0.679455449417591,0.733716765691462
D2201N,HD2201N04,-582.689636230469,-14.3181972503662,1.77107092969555,0,0,-0.685257218568617,0.72830113579453
D2202N,HD2202N01,-577.659912109375,-77.1584701538086,1.77107092969555,0,0,-0.668612086230006,0.743611375751581
D2203N,HD2203N01,-574.892272949219,-115.022422790527,1.77107092969555,0,0,-0.681406713947399,0.731904973468146
D2203N,HD2203N02,-573.813598632813,-135.17155456543,1.77107092969555,0,0,-0.715687910284847,0.698420228137837
P06S,HP06S01,-587.075378417969,-105.523300170898,1.77107092969555,0,0,0.736745782986467,0.676169839057953
P06S,HP06S02,-583.8974609375,-82.6324005126953,1.77107092969555,0,0,0.730079363060742,0.68336236626904
P0601N,HP0601N01,-591.747314453125,7.03294563293457,1.77107092969555,0,0,0.762077618303158,0.647485678360059
P0601N,HP0601N02,-592.860290527344,27.0947647094727,1.77107092969555,0,0,0.720829022147936,0.693112920691319
D16S,HD16S01,-548.107055664063,73.5252838134766,1.77107092969555,0,0,0.0444548603955323,0.999011394022718
D16S,HD16S02,-526.773742675781,75.2494735717773,1.77107092969555,0,0,0.0546979405148105,0.998502947067978
