station,node,x,y,z,qx,qy,qz,qw
H01S,H01S02,-541.1310114659128,138.03556221241396,2.3318136254334507,0.0,0.0,-0.9989767262508462,0.04522720872596449
H01S,H01S02,-541.6084706656966,137.99249640322438,2.3303055147104783,0.0,0.0,-0.9990012362333675,0.0446825469753406
H01S,H01S02,-542.1099867428219,137.94783584317233,2.3286706312977152,0.0,0.0,-0.9990262965556458,0.04411868980727828
H01S,H01S02,-542.636351644035,137.90152658101036,2.328013266145235,0.0,0.0,-0.9990481996746122,0.0436198891208591
H01S,H01S02,-543.1871806869389,137.8535983667068,2.3272896585398595,0.0,0.0,-0.9990685543205351,0.04315117342409016
H01S,H01S02,-543.7610078274676,137.80419566902185,2.3266736494704543,0.0,0.0,-0.9990872210850398,0.04271679604760591
H01S,H01S02,-544.3558550424108,137.75345959300287,2.326180545745531,0.0,0.0,-0.9991024157481709,0.04235992028048347
H01S,H01S03,-565.4768436418941,135.9857593984966,2.333960811182,0.0,0.0,-0.9991313902517674,0.041670913279772
H01S,H01S03,-566.1381913479275,135.9303798358949,2.3342044379995746,0.0,0.0,-0.9991233661330532,0.04186286238370359
H01S,H01S03,-566.7915137856605,135.87537328344663,2.3343849776502656,0.0,0.0,-0.9991127992013553,0.042114302464036
H01S,H01S03,-567.435600973779,135.82080704044967,2.3346820251095424,0.0,0.0,-0.9991015570593127,0.0423801684949106
H01S,H01S03,-568.0703052292165,135.7667087366458,2.3349156465040886,0.0,0.0,-0.9990920278859425,0.042604222968562214
H01S,H01S03,-568.6955463219242,135.71321879684234,2.335145755131857,0.0,0.0,-0.9990882995213743,0.04269156543731454
H01S,H01S03,-569.3115443032906,135.6604715575376,2.335372433242475,0.0,0.0,-0.9990883785487078,0.042689715961972206
H01S,H01S04,-588.2304547774155,140.33967253852077,2.655196724753307,0.0,-0.0,-0.8092598064959129,-0.5874509048339254
H01S,H01S04,-588.3520607924437,140.7380763001803,2.698893623851747,0.0,-0.0,-0.7982286221274261,-0.6023546022207773
H01S,H01S04,-588.4592113918892,141.14070303899626,2.742059124930467,0.0,-0.0,-0.7874438596910005,-0.6163863786902984
H01S,H01S04,-588.5523167800408,141.54677960538956,2.785294266439136,0.0,-0.0,-0.7768679910164307,-0.6296635010337625
H01S,H01S04,-588.6319408772795,141.95565044960642,2.703320702225284,0.0,-0.0,-0.7666347513078966,-0.6420834510303778
H01S,H01S04,-588.6986271489193,142.3669008629208,2.5945991202844865,0.0,-0.0,-0.7565439595273757,-0.6539428394765405
H01S,H01S04,-588.7525169749742,142.77997892638325,2.4858811307872863,0.0,-0.0,-0.746306521850097,-0.6656024154433415
H04N,HH04N01,-386.7731924892165,168.41461514136137,1.8335759878775189,0.0,-0.0,-0.03797117775329002,-0.9992788347903843
H04N,HH04N01,-386.1637952206873,168.46109552163455,1.8333396473299675,0.0,-0.0,-0.038175983381740025,-0.9992710314488442
H04N,HH04N01,-385.5635737272446,168.50724618985663,1.8330641778147183,0.0,-0.0,-0.03857443699317825,-0.9992557294359934
H04N,HH04N01,-384.9728895254978,168.5532715690249,1.8328349054309119,0.0,-0.0,-0.03921855541508383,-0.9992306565108748
H04N,HH04N01,-384.39207240891,168.599431919136,1.8325890335438073,0.0,-0.0,-0.04009320823022877,-0.9991959440739376
H04N,HH04N01,-383.82108741211846,168.64587904636795,1.832346508292414,0.0,-0.0,-0.04107565782762866,-0.999156039031956
H04N,HH04N01,-383.2599471332159,168.69270351554104,1.8321085211467658,0.0,-0.0,-0.04216507328245752,-0.9991106578327973
H04N,HH04N02,-364.569026610826,162.82874935515244,1.7186876940454616,-0.0,0.0,0.4050092191112719,-0.9143126010478461
H04N,HH04N02,-364.2922159661128,162.51755521777048,1.7186490871904956,-0.0,0.0,0.4139605746641116,-0.9102948108298533
H04N,HH04N02,-364.0215425574893,162.20105989098445,1.7186102605079776,-0.0,0.0,0.422721362612033,-0.9062597031709101
H04N,HH04N02,-363.7569799204637,161.87946215537715,1.718584061243403,-0.0,0.0,0.4312972067935922,-0.9022099087308039
H04N,HH04N02,-363.4984659167787,161.55286447280912,1.7185325995617924,-0.0,0.0,0.4396987873451017,-0.8981452980488441
H04N,HH04N02,-363.245978980608,161.2216479616064,1.718331225584009,-0.0,0.0,0.4476058486458801,-0.8942309568886561
H04N,HH04N02,-362.99913708353006,160.88623209288897,1.7181514158366735,-0.0,0.0,0.45480523547826157,-0.8905909261729332
D17S,HD17S04,-354.8087858013168,142.75839762677637,0.04991706637244626,-0.0,0.0,0.672322534540529,-0.7402583397362026
D17S,HD17S05,-354.7468267582987,142.09474863933914,0.05303579818587797,-0.0,0.0,0.6743722750834396,-0.7383915185040967
D17S,HD17S05,-354.68762906823855,141.4307488724768,0.0552925554573773,-0.0,0.0,0.6754637510344191,-0.7373931929700139
D17S,HD17S05,-354.62972410368513,140.76679954584822,0.05630193476423028,-0.0,0.0,0.6758056310933784,-0.7370798796483868
D17S,HD17S05,-354.57198785624735,140.1027143876612,0.05832063740835806,-0.0,0.0,0.6757458279186115,-0.7371347068552601
D17S,HD17S05,-354.51403739081417,139.4386974975786,0.05983359171951788,-0.0,0.0,0.6755830731964614,-0.737283874237342
D17S,HD17S05,-354.4557513567553,138.7747666856206,0.06134681903687156,-0.0,0.0,0.6753706594216714,-0.7374784555445242
P0501N,HP0501N01,-352.8714677250715,120.84681286712166,0.8699689054062494,-0.0,0.0,0.6775026607975165,-0.7355203223652528
H05N,HH05N01,-352.81686646878865,120.18241395284383,0.9323290146688398,-0.0,0.0,0.6775518636707482,-0.7354749975602813
H05N,HH05N01,-352.7623256674697,119.51806985703654,0.9946898317446449,-0.0,0.0,0.6775641723511988,-0.7354636580729431
H05N,HH05N01,-352.70776876571705,118.85364855628296,1.057040867882937,-0.0,0.0,0.6775418620756308,-0.7354842113431714
H05N,HH05N01,-352.65315011042514,118.18930405206812,1.1194011256268468,-0.0,0.0,0.6774908215606829,-0.7355312275498784
H05N,HH05N01,-352.598415020109,117.52493419698007,1.1817492688924895,-0.0,0.0,0.6774153862172304,-0.7356007031781309
H05N,HH05N01,-352.54351155507254,116.86049773556722,1.2441143995825197,-0.0,0.0,0.6773124373084567,-0.7356954956143731
H05N,HH05N04,-350.87645603622656,97.28684541267397,1.8126601961425817,-0.0,0.0,0.672399311786743,-0.7401886013096355
H05N,HH05N04,-350.82452159122977,96.7567024086719,1.812576680985973,-0.0,0.0,0.6711928764141523,-0.7412827548586952
H05N,HH05N04,-350.77216825458146,96.23635611264748,1.8124943913633456,-0.0,0.0,0.6704276686696493,-0.7419748924877302
H05N,HH05N04,-350.7200268227535,95.72561597645975,1.812413649264783,-0.0,0.0,0.670172469010439,-0.7422054040361415
H05N,HH05N04,-350.6692190922125,95.22449748833094,1.8123343314043265,-0.0,0.0,0.6710642061110218,-0.7413992387887811
H05N,HH05N04,-350.6215585007353,94.73285591828692,1.812256665925676,-0.0,0.0,0.6734332397103372,-0.7392480447408971
H05N,HH05N04,-350.57879893952367,94.25030148275802,1.8121805284206298,-0.0,0.0,0.6771623624703771,-0.7358336325919995
H05N,HH05N03,-363.68508151050264,83.54575747543704,1.7319636377725773,-0.0,0.0,0.9917520544158083,-0.128171223611323
H05N,HH05N03,-364.0876798149376,83.43856208296836,1.7305296666902077,-0.0,0.0,0.9913531633133141,-0.1312208275720186
H05N,HH05N03,-364.48959704709097,83.32914224216205,1.728491086632243,-0.0,0.0,0.9910206191775232,-0.13370913343896365
H05N,HH05N03,-364.89104965696976,83.21792034375969,1.7264515057447816,-0.0,0.0,0.9907580277974992,-0.13564118237028808
H05N,HH05N03,-365.2921786941826,83.10538138565605,1.7242424366095304,-0.0,0.0,0.9905850963182327,-0.13689838184652764
H05N,HH05N03,-365.69305660142675,82.99215354221745,1.7223737373565016,-0.0,0.0,0.9905137297624792,-0.13741379534829204
D20S,HD20S04,-366.09392037280975,82.87870989987479,1.7205617701675298,-0.0,0.0,0.9905127694368031,-0.1374207174433121
D15S,HD15S01,-401.61374639955653,78.9574539656307,1.8498616968190407,-0.0,0.0,0.9991554880509549,-0.04108905812571228
D15S,HD15S01,-402.2153275952981,78.90788397224665,1.8496060958245104,-0.0,0.0,0.9991551003080498,-0.04109848571919726
D15S,HD15S01,-402.8078529158597,78.85906310384259,1.8493542392463032,-0.0,0.0,0.9991557833755935,-0.04108187613904628
D15S,HD15S01,-403.3914694771425,78.81101489727058,1.8491063053738752,-0.0,0.0,0.9991577864883305,-0.041033129294994905
D15S,HD15S01,-403.9670640463191,78.76369746743849,1.848861720862574,-0.0,0.0,0.9991606410987276,-0.04096356038212215
D15S,HD15S01,-404.5355064525172,78.71705218902949,1.8486201132875282,-0.0,0.0,0.9991637830620409,-0.04088685139688386
D15S,HD15S01,-405.0974115102568,78.67103473092067,1.8483813258273964,-0.0,0.0,0.9991672002170144,-0.04080325980228219
P02S,HP0203,-426.54511635890606,78.2898044632756,1.7277322193099487,-0.0,0.0,0.9996327126245264,-0.0271005507495898
P02S,HP0203,-426.9610737680039,78.26549725944317,1.7273018857410543,-0.0,0.0,0.9995157076558081,-0.031118324975954206
P02S,HP0203,-427.37685884983284,78.2382208467582,1.7269070865712188,-0.0,0.0,0.9994141032702578,-0.03422645445421614
P02S,HP0203,-427.79213864456074,78.20872633149357,1.7262811886836473,-0.0,0.0,0.9993313883646711,-0.0365619505652924
D15S,HD15S02,-428.2065149469621,78.17757388952155,1.7243312873978394,-0.0,0.0,0.9992632696425297,-0.03837861309793658
D15S,HD15S02,-428.6192484481345,78.14526526429268,1.7220562439956688,-0.0,0.0,0.9992152046357408,-0.03961028685524292
D15S,HD15S02,-429.02945206516176,78.11238078392581,1.719603225007975,-0.0,0.0,0.9991877517341907,-0.04029685824445
D15S,HD15S03,-458.2392736703139,75.6281010865073,1.567807821576953,-0.0,0.0,0.9991092083906045,-0.04219940413204522
D15S,HD15S03,-458.90354162562045,75.571934352637,1.5670436770628398,-0.0,0.0,0.9991122173532465,-0.04212810386759811
D15S,HD15S03,-459.5677571943371,75.51587442060904,1.5654665271031594,-0.0,0.0,0.9991156984377082,-0.04204546509827914
D15S,HD15S03,-460.2320174425713,75.45992910692179,1.5633222920660887,-0.0,0.0,0.9991196315521678,-0.041951899206835334
D15S,HD15S03,-460.896313996522,75.40411262338681,1.5600670413041504,-0.0,0.0,0.9991239634341668,-0.041848604416418016
D15S,HD15S03,-461.5605126909284,75.34844764753842,1.556812214877968,-0.0,0.0,0.9991285710529998,-0.04173845356012589
D15S,HD15S03,-462.22478119159405,75.2929262348293,1.5535746626018743,-0.0,0.0,0.9991332202790109,-0.04162701208222209
D1501N,HD1501N01,-482.15920613555795,73.68955901469916,1.4863919892357964,-0.0,0.0,0.9992811378017316,-0.03791052141130278
D1501N,HD1501N01,-482.8238980688248,73.63915353118313,1.4851410310741582,-0.0,0.0,0.9992868500377942,-0.03775965229637503
D1501N,HD1501N01,-483.4886523860038,73.5889436345861,1.4839642509898414,-0.0,0.0,0.9992924440718846,-0.03761131772272194
D1501N,HD1501N01,-484.15340952025406,73.5389304918438,1.4829579653964484,-0.0,0.0,0.9992979353292671,-0.037465136415924374
D1501N,HD1501N01,-484.8176348194901,73.48915096134733,1.4820783306333518,-0.0,0.0,0.9993033014117039,-0.03732173344941715
D1501N,HD1501N01,-485.48040490022146,73.4396703517941,1.481228380398317,-0.0,0.0,0.9993085689664055,-0.03718042482697899
D1501N,HD1501N01,-486.1398915572162,73.39062016877337,1.480514385175055,-0.0,0.0,0.9993136882637546,-0.03704257616164827
D1501N,HD1501N02,-506.16381450727573,71.91850947393908,1.4473238253377636,-0.0,0.0,0.999119009193066,-0.04196671858826039
D1501N,HD1501N02,-506.4810398382527,71.89258571542382,1.4469632883427392,-0.0,0.0,0.9992279199187278,-0.039288217761722546
D1501N,HD1501N02,-506.7896078335746,71.86951848567611,1.4516054997854668,-0.0,0.0,0.9993866968283338,-0.035017569912144185
D1501N,HD1501N02,-507.0896546561027,71.85014093913477,1.4565421038641262,-0.0,0.0,0.9995734085745437,-0.029206178638575452
D1501N,HD1501N02,-507.3810202493626,71.83507278546034,1.4613797194036466,-0.0,0.0,0.9997521652530296,-0.02226225666636143
D1501N,HD1501N02,-507.66347419865366,71.82471065772545,1.4660665480512691,-0.0,0.0,0.9999007708197111,-0.01408717552058323
D1501N,HD1501N02,-507.9370544336187,71.81968244200989,1.4705830104987234,-0.0,0.0,0.999992688925004,-0.003823885006139267
D1501N,HD1501N02,-504.5579242657507,77.05646789591871,1.4623153864591731,0.0,0.0,0.029169649997618726,0.9995744752238407
D1501N,HD1501N02,-504.3083700197809,77.07115212909181,1.4570785170104847,0.0,0.0,0.029616387804505304,0.9995613385747836
D1501N,HD1501N02,-504.05879572369116,77.08608766844496,1.457991908213749,0.0,0.0,0.03015862523121419,0.9995451252065427
D1501N,HD1501N02,-503.80928589237766,77.10130345878939,1.4593143644221416,0.0,0.0,0.030741839677560282,0.9995273579513665
D1501N,HD1501N02,-503.55974674534116,77.11681331440208,1.4606369699745685,0.0,0.0,0.03131786731194211,0.9995094752862684
D1501N,HD1501N02,-503.3102752806685,77.13259920092308,1.4619598717334867,0.0,0.0,0.03185788813779962,0.9994924086572141
D1501N,HD1501N02,-503.0608051347327,77.14864580132169,1.4632849796523337,0.0,0.0,0.03235960953700927,0.9994762906995904
