coordinate,latency,score,vehicle_name,velocity,status_code
"-131.78312123693695,106.44513975571218,-3.0660689643959804",30.49015998840332,0.0,AGV2,0.0,200
"-131.78312123693695,106.44513975571218,-3.0660689643959804",10.090827941894531,0.0,AGV2,0.0,200
"-131.78312123693695,106.44513975571218,-3.0660689643959804",9.754657745361328,0.0,AGV2,0.0,200
"-131.78312123693695,106.44513975571218,-3.0660689643959804",10.11967658996582,0.0,AGV2,0.0,200
"-131.78312123693695,106.44513975571218,-3.0660689643959804",10.140180587768555,0.0,AGV2,0.0,200
"-131.78312123693695,106.44513975571218,-3.0660689643959804",10.150432586669922,0.0,AGV2,0.0,200
"-131.78312123693695,106.44513975571218,-3.0660689643959804",9.884834289550781,0.0,AGV2,0.0,200
"-131.79713166867228,106.44407897651054,-3.0659746996476107",9.89532470703125,0.0,AGV2,0.06544421340485615,200
"-131.9870473386774,106.42948041063245,-3.0632747480335025",10.14399528503418,0.0,AGV2,0.3585325077932766,200
"-132.5669092297673,106.37662712809993,-3.035051392788449",10.115385055541992,0.0,AGV2,0.8061532023152208,200
"-133.55649287202942,106.2484899356079,-2.997907472632064",9.898662567138672,0.0,AGV2,1.1650360918119387,200
"-134.8199416178538,106.0631273595471,-2.9990535044637943",9.830713272094727,0.0,AGV2,1.3602376117439379,200
"-136.19966768414784,105.87095336120387,-3.0036787058947487",30.193328857421875,0.0,AGV2,1.4066479637901848,200
"-137.58132887473658,105.66044377390988,-2.968639726349422",10.202646255493164,0.0,AGV2,1.387083620437636,200
"-138.9364847858244,105.37126751335555,-2.8862817965123417",9.934186935424805,0.0,AGV2,1.3868466937479411,200
"-140.25514258641763,104.94380121099051,-2.766564679818916",10.007858276367188,0.0,AGV2,1.3871248405287444,200
"-141.51225353661113,104.35902187446803,-2.649765463798416",10.319232940673828,0.0,AGV2,1.3873263256952666,200
"-142.7108553660984,103.66088465196276,-2.5910794096666865",20.684003829956055,0.0,AGV2,1.3874989019582653,200
"-143.89599240053454,102.9392045155566,-2.613074400058998",10.01596450805664,0.0,AGV2,1.3876476207803095,200
"-145.12251516914765,102.29122925578211,-2.7074263853053533",9.998083114624023,0.0,AGV2,1.3877791971582722,200
"-146.4149476022143,101.78789034184949,-2.832328086738843",10.294198989868164,0.0,AGV2,1.3878966619680813,200
"-147.75833057701612,101.44180754198928,-2.9423884757200396",10.292768478393555,0.0,AGV2,1.3880017176809558,200
"-149.1263526442124,101.22368793793179,-3.018342010323443",9.894609451293945,0.0,AGV2,1.376955189540797,200
"-150.48006725423068,101.08550658240941,-3.0563963784235133",10.146856307983398,0.0,AGV2,1.345577856321824,200
"-151.82781886960927,100.98023718232155,-3.06757523878695",10.357856750488281,0.0,AGV2,1.3964124350253317,200
"-153.3486210136894,100.86762007341777,-3.0667770032723523",10.271787643432617,0.0,AGV2,1.6642483013396978,200
"-155.14963509050898,100.7303069273475,-3.0642767313793824",9.929656982421875,0.0,AGV2,1.940630142570822,200
"-157.18952988026976,100.57032420672557,-3.0627103719841555",10.005474090576172,0.0,AGV2,2.133204374249456,200
"-159.3651650246949,100.39832504145616,-3.062773223976463",30.42888641357422,0.0,AGV2,2.2141962760761134,200
"-161.57941233978983,100.22356104211956,-3.0627036487168686",10.322332382202148,0.0,AGV2,2.2227935197588233,200
"-163.79472182715085,100.04703804080322,-3.0613099224438285",10.132551193237305,0.0,AGV2,2.2219596327718536,200
"-166.0094435929923,99.86851014813394,-3.0619202887401427",10.023117065429688,0.0,AGV2,2.2217068111684433,200
"-168.22499428516403,99.70446922958915,-3.07729500680617",10.352373123168945,0.0,AGV2,2.221708013954311,200
"-170.4443195964872,99.60410486794473,-3.1198956706459446",10.383367538452148,0.0,AGV2,2.2217583867867696,200
"-172.66546632488541,99.62119158870983,3.103973262739083",10.119438171386719,0.0,AGV2,2.2218086342524104,200
"-174.88276600497514,99.76216967755785,3.0570647635285235",10.328054428100586,0.0,AGV2,2.2218529750733844,200
"-177.09479402080618,99.97171556501439,3.042753093682099",10.483026504516602,0.0,AGV2,2.221892199962121,200
"-179.30707549511345,100.17801922222674,3.0593926759413756",10.729551315307617,0.0,AGV2,2.2219271721214287,200
"-181.52429978902106,100.31921825657115,3.099021054613247",10.036945343017578,0.0,AGV2,2.2219584254009543,200
"-183.74585301637313,100.36302651919475,-3.138783652607315",10.90550422668457,0.0,AGV2,2.2219863554879913,200
"-185.9668595228126,100.30693050475438,-3.0924757639440754",10.391712188720703,0.0,AGV2,2.222011331598357,200
"-188.18111118205644,100.12775973925919,-3.0211123441569496",10.499238967895508,0.0,AGV2,2.2220336719557734,200
"-190.36326791788414,99.7194681958395,-2.8753661008648725",10.196685791015625,0.0,AGV2,2.2220536517155423,200
"-192.41554064374037,98.88386290532627,-2.614491610445874",10.340452194213867,0.0,AGV2,2.222071515041795,200
"-194.1078724237014,97.46176827973106,-2.2632661917437558",10.89167594909668,0.0,AGV2,2.222087478014294,200
"-195.20055240629864,95.53928377523133,-1.9225186814947464",10.59269905090332,0.0,AGV2,2.222101750783999,200
"-195.671125626108,93.37406510151455,-1.6603844858819266",10.508298873901367,0.0,AGV2,2.222114511621727,200
"-195.64164087596166,91.15565117315258,-1.4623056244604902",10.198831558227539,0.0,AGV2,2.222125930241162,200
"-195.21605610467248,88.97721630043524,-1.2988041959775378",10.421514511108398,0.0,AGV2,2.2221361369598522,200
"-194.48259484618418,86.88104020266553,-1.1797552136978269",10.554313659667969,0.0,AGV2,2.2221452602332388,200
"-193.58446029645583,84.84868310062089,-1.1473459533235042",10.367393493652344,0.0,AGV2,2.2221534194231323,200
"-192.73397376317132,82.79633698676956,-1.2245740701864911",11.218547821044922,0.0,AGV2,2.2221607129816334,200
"-192.11583505082532,80.66343664047339,-1.353980291331367",10.56814193725586,0.0,AGV2,2.222167236082736,200
"-191.75258093936267,78.47210452518385,-1.4489937676152522",10.567426681518555,0.0,AGV2,2.2221730687785084,200
"-191.5330054447498,76.26095224215389,-1.4862934899884968",10.287761688232422,0.0,AGV2,2.2221782851451994,200
"-191.3541024419245,74.04612269645035,-1.4917951675287846",10.363578796386719,0.0,AGV2,2.222182948862494,200
"-191.17784813380084,71.83075927563159,-1.4908929081377198",13.644218444824219,0.0,AGV2,2.222187116808125,200
"-190.99976616919096,69.61570227714418,-1.4904224588868538",30.56502342224121,0.0,AGV2,2.2221908432061115,200
"-190.8216475239855,67.4006916287852,-1.4907878199501454",10.240316390991211,0.0,AGV2,2.222194179420838,200
"-190.64482936431867,65.18556872401861,-1.4915028760393156",10.32710075378418,0.0,AGV2,2.222197157040023,200
"-190.46953149230256,62.97020787068341,-1.4921308946609986",15.5181884765625,0.0,AGV2,2.222199822175475,200
"-190.29537992251912,60.75484961696208,-1.492517734639665",11.003494262695312,0.0,AGV2,2.222202204819967,200
"-190.12184472164503,58.53951553999055,-1.4927086330681327",10.282516479492188,0.0,AGV2,2.2222043359275907,200
"-189.94867866914507,56.323988734880714,-1.4928942163291614",10.830163955688477,0.0,AGV2,2.222206241876422,200
"-189.77602316589042,54.10849676519131,-1.4931496075351902",11.066198348999023,0.0,AGV2,2.2222079441296514,200
"-189.6038805510925,51.892992455116485,-1.4933033958534871",10.623455047607422,0.0,AGV2,2.222209466741475,200
"-189.43170112945353,49.677481275998275,-1.4931166870753139",10.365962982177734,0.0,AGV2,2.2222108265053575,200
"-189.25875145654277,47.46207285741218,-1.4926182767198979",10.598182678222656,0.0,AGV2,2.222212045113817,200
"-189.08442998231035,45.24666490684007,-1.491887045441316",10.656595230102539,0.0,AGV2,2.2222131318939744,200
"-188.9082366577026,43.03140617007871,-1.4909397017410086",11.96742057800293,0.0,AGV2,2.222214785503382,200
"-188.7298042206526,40.816512990358405,-1.4898837512078407",10.342836380004883,0.0,AGV2,2.221649581342833,200
"-188.54993107800297,38.61176279478546,-1.4889536994077721",10.598421096801758,0.0,AGV2,2.1925487281735587,200
"-188.373305089377,36.465621189866155,-1.488511063339728",10.767698287963867,0.0,AGV2,2.1083261845333183,200
"-188.2040690418322,34.41409738112439,-1.4884217445428682",11.133670806884766,0.0,AGV2,2.0084385781947836,200
"-188.04208042413015,32.462635385608564,-1.4871186256533866",10.405302047729492,0.0,AGV2,1.908076467175874,200
"-187.88363466795334,30.61128087330028,-1.4834846221909315",10.601520538330078,0.0,AGV2,1.8080772740874549,200
"-187.7290227264189,28.85977728521103,-1.4842267103979119",10.697603225708008,0.0,AGV2,1.708256931421921,200
"-187.60159315834514,27.207036287572727,-1.512111366129825",17.032861709594727,0.0,AGV2,1.606648149258153,200
"-187.5675046507523,25.65309938535863,-1.5965594825600278",10.436773300170898,0.0,AGV2,1.5029358423784231,200
"-187.69842443023205,24.21246185573462,-1.7342189563679675",10.416030883789062,0.0,AGV2,1.3896282583921409,200
"-188.01515044732034,22.888257252941266,-1.874846125415444",10.627985000610352,0.0,AGV2,1.3515805562245786,200
"-188.48635691687332,21.62114009460264,-1.9662496692577554",10.694026947021484,0.0,AGV2,1.3544790544490504,200
"-189.02635503986548,20.375076287949685,-1.9812368126728928",10.519981384277344,0.0,AGV2,1.364913093041114,200
"-189.55221581042656,19.091479875025634,-1.9272262029883214",10.632753372192383,0.0,AGV2,1.401466900254746,200
"-189.9828333068469,17.73021140891419,-1.8217282187322426",10.880470275878906,0.0,AGV2,1.4721792168453336,200
"-190.2701716154208,16.224835926831837,-1.6975041275516025",10.750770568847656,0.0,AGV2,1.5934796885680316,200
"-190.38192632957364,14.596600898484255,-1.5867539668635324",10.46895980834961,0.0,AGV2,1.6591799540403884,200
"-190.3409318603259,12.933694088893661,-1.5124542961964869",10.742902755737305,0.0,AGV2,1.660503590482792,200
"-190.21254691583866,11.290779945928438,-1.4793939058896755",10.816574096679688,0.0,AGV2,1.6375978495030308,200
"-190.05601159332215,9.641951191728072,-1.4758222107240533",10.875701904296875,0.0,AGV2,1.6990416129899102,200
"-189.89211154338483,7.861008432026331,-1.4820074183999834",10.588884353637695,0.0,AGV2,1.890132398541403,200
"-189.7199755881458,5.877136118112797,-1.4859894088794576",10.759353637695312,0.0,AGV2,2.0831986864825747,200
"-189.53895222902486,3.737660150129568,-1.4862588461500927",10.791778564453125,0.0,AGV2,2.1949671473551007,200
"-189.35064906035575,1.5317513775145712,-1.4849408775871027",10.880231857299805,0.0,AGV2,2.222311444664911,200
"-189.15924728634275,-0.6821646331645549,-1.4846391922503799",10.514497756958008,0.0,AGV2,2.2219817375952773,200
"-188.9730975502882,-2.8961656142595547,-1.4908700911140038",10.53476333618164,0.0,AGV2,2.2216355877746197,200
"-188.818087380779,-5.112345990771667,-1.5149380986710128",10.915994644165039,0.0,AGV2,2.22160272446777,200
"-188.7426509883046,-7.332484023259256,-1.5630159059907414",10.899782180786133,0.0,AGV2,2.221655275060552,200
"-188.80288453407329,-9.552772150292718,-1.6369596260534458",10.619640350341797,0.0,AGV2,2.2217154663897105,200
"-189.0497733759703,-11.759981176988717,-1.72869430290747",10.738372802734375,0.0,AGV2,2.221769772839148,200
"-189.49548473635556,-13.93602688401779,-1.8130236505455128",10.993719100952148,0.0,AGV2,2.221817880379628,200
"-190.08859794158167,-16.076920377683642,-1.860821892483549",10.925769805908203,0.0,AGV2,2.2218607271142745,200
"-190.72472785853932,-18.205768433282444,-1.8500550779674958",10.616540908813477,0.0,AGV2,2.2218990099929687,200
"-191.26291016118893,-20.360751103825375,-1.7703719222570513",10.725259780883789,0.0,AGV2,2.22193323476873,200
"-191.5731430321166,-22.55974729933798,-1.6496652686536022",10.990142822265625,0.0,AGV2,2.2219638457798854,200
"-191.62735450553131,-24.780107082285976,-1.5491365117367721",10.973215103149414,0.0,AGV2,2.2219912160886124,200
"-191.51923627132743,-26.999193706721364,-1.5038530466689715",10.620594024658203,0.0,AGV2,2.222015682298806,200
"-191.3592827981122,-29.215491407945006,-1.4969310915243375",10.770320892333984,0.0,AGV2,2.2220375605201967,200
"-191.1959867388752,-31.43160478734855,-1.4978992449710475",10.98012924194336,0.0,AGV2,2.222057122436377,200
"-191.0348526698275,-33.64781724332646,-1.4981600887097697",10.895252227783203,0.0,AGV2,2.222074619082182,200
"-190.8719050769616,-35.863852935994714,-1.4963060977256",10.635614395141602,0.0,AGV2,2.222090261700823,200
"-190.7027528792515,-38.079500595058725,-1.4925996697316883",10.81085205078125,0.0,AGV2,2.222104234869384,200
"-190.52359446139326,-40.29446619962104,-1.4873363617222737",11.078834533691406,0.0,AGV2,2.2221167368615524,200
"-190.3314573989933,-42.50815303795483,-1.4809078432135394",10.972738265991211,0.0,AGV2,2.222127917508819,200
"-190.12410685082062,-44.72060916531752,-1.4737208682277008",10.648250579833984,0.0,AGV2,2.222137912537215,200
"-189.90101732213813,-46.93161421223015,-1.4671529376040082",11.130571365356445,0.0,AGV2,2.222146848588172,200
"-189.66814146760564,-49.141444119897265,-1.466177939386987",11.135578155517578,0.0,AGV2,2.2221548376255496,200
"-189.44748880278905,-51.352651403316024,-1.480261597091995",11.140584945678711,0.0,AGV2,2.2221619848325966,200
"-189.28510994880122,-53.56864002655929,-1.519332676614865",10.744571685791016,0.0,AGV2,2.2221683727136377,200
"-189.23847928518168,-55.78995834629914,-1.5845537121853532",11.214733123779297,0.0,AGV2,2.2221740862689674,200
"-189.36293383943027,-58.00802521640795,-1.6720737331432778",11.250972747802734,0.0,AGV2,2.222179195907692,200
"-189.69585230474527,-60.20417142604833,-1.7711139763621508",11.105775833129883,0.0,AGV2,2.2221837636807455,200
"-190.24635674810696,-62.35606102243276,-1.8708925817522257",10.77723503112793,0.0,AGV2,2.222187847184421,200
"-191.00559679425504,-64.44366967028458,-1.9677884460363473",10.738134384155273,0.0,AGV2,2.2221914946240187,200
"-191.96006601324018,-66.44957316826475,-2.0616475404034658",11.043787002563477,0.0,AGV2,2.222194757272104,200
"-193.09613763178928,-68.35845985951252,-2.153331981000295",11.189937591552734,0.0,AGV2,2.222197675229693,200
"-194.40099332048524,-70.15624570877262,-2.243814614545168",10.822296142578125,0.0,AGV2,2.2222002855717102,200
"-195.86243080917046,-71.82923352004936,-2.3337882343078737",10.786056518554688,0.0,AGV2,2.2222026192862954,200
"-197.46855392365657,-73.36406350876163,-2.4240131738089263",11.047124862670898,0.0,AGV2,2.2222047094616597,200
"-199.20659298245278,-74.74758966838635,-2.51453416873074",11.14797592163086,0.0,AGV2,2.2222065762341363,200
"-201.0627712221656,-75.96790921847618,-2.60570089759237",10.823726654052734,0.0,AGV2,2.2222082404432406,200
"-203.0236823337456,-77.01147331961565,-2.699998713822555",10.751962661743164,0.0,AGV2,2.222209733785719,200
"-205.07580468601833,-77.86209936165287,-2.7974655414904523",11.185646057128906,0.0,AGV2,2.222211066980454,200
"-207.19988197128615,-78.51242306915462,-2.889937498320758",11.225461959838867,0.0,AGV2,2.222212259167463,200
"-209.37222954748356,-78.97739259597022,-2.9683819679453185",10.98942756652832,0.0,AGV2,2.2222133234591155,200
"-211.57139348673783,-79.29489339569685,-3.023783945729437",10.865449905395508,0.0,AGV2,2.2222142771916227,200
"-213.7822840405642,-79.51878124547105,-3.0535078265776248",11.504650115966797,0.0,AGV2,2.222215128069117,200
"-215.9968581244916,-79.70167625534516,-3.062589655627778",10.798931121826172,0.0,AGV2,2.222215890342525,200
"-218.21237120075128,-79.87538329820768,-3.063659909811192",10.952949523925781,0.0,AGV2,2.2222165724871035,200
"-220.4278017575714,-80.04847348027349,-3.0635219256266266",11.136531829833984,0.0,AGV2,2.222217180057071,200
"-222.643204582216,-80.22200174664083,-3.0633240026827115",10.842323303222656,0.0,AGV2,2.2222177257770315,200
"-224.8585699464305,-80.39611299122195,-3.0629548526580086",11.018514633178711,0.0,AGV2,2.2222182128115704,200
"-227.07398649022193,-80.5713422610803,-3.062340717283294",10.960102081298828,0.0,AGV2,2.22221864855298,200
"-229.28908970821803,-80.74799591511774,-3.061691235551307",11.30819320678711,0.0,AGV2,2.2222190378918363,200
"-231.5041984216276,-80.92598499315068,-3.0611604108266475",10.91456413269043,0.0,AGV2,2.2222193875293756,200
"-233.7191100783196,-81.10497325204405,-3.0607743144076798",10.998249053955078,0.0,AGV2,2.222219699038579,200
"-235.93410296350805,-81.2847145094326,-3.060483346519585",11.259794235229492,0.0,AGV2,2.2222199760288506,200
"-238.1490269331943,-81.46496107360197,-3.0603478044669563",11.34347915649414,0.0,AGV2,2.2222202271860683,200
"-240.36395948681505,-81.64514346192162,-3.060574996487765",11.296987533569336,0.0,AGV2,2.2222204498997713,200
"-242.5788504553734,-81.82443823230379,-3.061040966256999",11.022806167602539,0.0,AGV2,2.2222206466474703,200
"-244.79390948615932,-82.0031645348352,-3.0609620198381178",11.310338973999023,0.0,AGV2,2.222220822157432,200
"-247.00869158663556,-82.18289416810745,-3.0603479817489925",11.33584976196289,0.0,AGV2,2.2205143244619743,200
"-249.20762830631807,-82.36120820973652,-3.061467685892853",11.00301742553711,0.0,AGV2,2.1762513223872237,200
"-251.3257936154984,-82.52798810976219,-3.0646620215909186",13.346195220947266,0.0,AGV2,2.072712500791352,200
"-253.34125395999902,-82.6821659946505,-3.0649808764853814",11.139392852783203,0.0,AGV2,1.9700132391656657,200
"-255.25532782644345,-82.83460659657145,-3.0580195077262813",11.401891708374023,0.0,AGV2,1.8710037675538669,200
"-257.06951875852525,-82.99553209560227,-3.0496456469926967",11.107206344604492,0.0,AGV2,1.7716133337573696,200
"-258.78761164801557,-83.14918669631734,-3.060286953709645",11.029243469238281,0.0,AGV2,1.685738239600634,200
"-260.4357335692761,-83.24888172113674,-3.1091380060217544",11.140108108520508,0.0,AGV2,1.6127147116405074,200
"-262.00135125628617,-83.23616805522119,3.0856178237553005",11.419057846069336,0.0,AGV2,1.5170861253514658,200
"-263.44220080360446,-83.07261733262989,2.965590915869421",11.039972305297852,0.0,AGV2,1.3844843237974265,200
"-264.77283994664555,-82.73936995957985,2.8226499489354824",11.146306991577148,0.0,AGV2,1.3746640629607645,200
"-266.04459440910813,-82.20168605117249,2.657891052046172",11.225223541259766,0.0,AGV2,1.387072512449215,200
"-267.2096275125836,-81.4515215578736,2.480016913971",11.471748352050781,0.0,AGV2,1.3875877575273723,200
"-268.2228149346164,-80.50611935291236,2.302327336669898",11.121749877929688,0.0,AGV2,1.387692737368601,200
"-269.05905006468726,-79.40057889931366,2.136851223874321",11.157989501953125,0.0,AGV2,1.387806410564165,200
"-269.714827865005,-78.17873596834518,1.993671986485201",11.090993881225586,0.0,AGV2,1.3879184438258163,200
"-270.2061826437168,-76.88152392897479,1.8761963666063304",11.07335090637207,0.0,AGV2,1.3880209811112107,200
"-270.5606212114917,-75.53995453173656,1.786576451316816",11.209964752197266,0.0,AGV2,1.3881129457958117,200
"-270.8129582148262,-74.17515087488879,1.7250589110047523",11.064291000366211,0.0,AGV2,1.3881951757375566,200
"-270.9981054371628,-72.7994120722148,1.6878157065296593",13.17739486694336,0.0,AGV2,1.3882686122821852,200
"-271.1450289432104,-71.41889580440578,1.6682122079922168",11.228084564208984,0.0,AGV2,1.388334290390421,200
"-271.2730923222439,-70.03647286139416,1.659848405982875",11.169195175170898,0.0,AGV2,1.388393028345094,200
"-271.3944768171973,-68.65390513663372,1.6572182880558952",11.168241500854492,0.0,AGV2,1.3872149323245981,200
"-271.5131341325528,-67.27130703299802,1.6557511716965019",11.350870132446289,0.0,AGV2,1.3869382722567818,200
"-271.629456590254,-65.89866638871922,1.6549714398324058",11.432886123657227,0.0,AGV2,1.3631840726166367,200
"-271.7428992490003,-64.54977957372152,1.654470606356147",11.243581771850586,0.0,AGV2,1.3586986521608622,200
"-271.86416698088186,-63.1006722629878,1.6541240321258934",11.19375228881836,0.0,AGV2,1.5801016249602042,200
"-272.0071193265609,-61.38598610678076,1.653840078177347",11.41667366027832,0.0,AGV2,1.8603203515757512,200
"-272.1711472057688,-59.41248085278102,1.6536166069851046",11.28077507019043,0.0,AGV2,2.084264438546751,200
"-272.3489249350635,-57.268709467158125,1.6534678131108802",11.261224746704102,0.0,AGV2,2.199407197742971,200
"-272.53188954102427,-55.059766306664564,1.6534239657939171",11.193275451660156,0.0,AGV2,2.2231070387114436,200
"-272.7154010566613,-52.84466599554293,1.6535058488271135",11.234283447265625,0.0,AGV2,2.2223818092304204,200
"-272.89918442136394,-50.63007019811049,1.6536915817077231",11.53874397277832,0.0,AGV2,2.2219746797088753,200
"-273.0834071666301,-48.41579684454067,1.6539165538334517",11.198759078979492,0.0,AGV2,2.221909961745489,200
"-273.26812820946486,-46.20160404993449,1.654140201092713",11.723518371582031,0.0,AGV2,2.2219320797404687,200
"-273.4533322560415,-43.98733956436864,1.6543433037803592",11.424541473388672,0.0,AGV2,2.2219634866429687,200
"-273.6389591849731,-41.77314265001494,1.654525092118285",11.63339614868164,0.0,AGV2,2.2219915956330953,200
"-273.82497332299886,-39.55900369446648,1.6547012902524658",11.308908462524414,0.0,AGV2,2.222016214118873,200
"-274.01142311313936,-37.34478048877094,1.654915738202903",11.347055435180664,0.0,AGV2,2.2220380632249004,200
"-274.19842895758734,-35.130570023434785,1.6552004121851642",11.343240737915039,0.0,AGV2,2.2220575721301308,200
"-274.38610693537737,-32.91651761871836,1.6555221661211315",11.568069458007812,0.0,AGV2,2.222075013608221,200
"-274.57448781591717,-30.70241510692389,1.6558158836876737",31.376361846923828,0.0,AGV2,2.22209061068151,200
"-274.7634260783909,-28.488371375666834,1.6560192611225528",11.275529861450195,0.0,AGV2,2.2221045569053834,200
"-274.9527112755439,-26.27429471877697,1.6561256311054298",11.380910873413086,0.0,AGV2,2.2221170239575554,200
"-275.1421445126993,-24.06024466248716,1.6561596650446273",11.441230773925781,0.0,AGV2,2.222128190357761,200
"-275.33159129088443,-21.846211103871465,1.6561420900883919",11.333703994750977,0.0,AGV2,2.222138168040437,200
"-275.52095418292254,-19.632194549458497,1.6560909780615678",11.325359344482422,0.0,AGV2,2.222147079353677,200
"-275.71021504797864,-17.41807069634046,1.6560510225542453",11.451005935668945,0.0,AGV2,2.222155045682263,200
"-275.8994516078198,-15.203968978010096,1.6560837241980275",11.662721633911133,0.0,AGV2,2.222162166051596,200
"-276.08885158237894,-12.989926532301688,1.6561889903552194",31.50629997253418,0.0,AGV2,2.222168536378634,200
"-276.2785098988745,-10.775920110874745,1.656309562351809",11.310815811157227,0.0,AGV2,2.2221742305631507,200
"-276.4684061307423,-8.561793192412377,1.6563832484508663",11.41977310180664,0.0,AGV2,2.222179323451578,200
"-276.65836295576014,-6.347799234085171,1.656373126083545",11.683464050292969,0.0,AGV2,2.2221838766620023,200
"-276.8482120073065,-4.133709721760356,1.6562892351152574",11.321067810058594,0.0,AGV2,2.2221879471371384,200
"-277.0378679822649,-1.919716038413488,1.656215176663747",12.407064437866211,0.0,AGV2,2.222191588521035,200
"-277.22741273630686,0.29446056042752516,1.6561780847736156",11.707067489624023,0.0,AGV2,2.2221948413460506,200
"-277.41690647602275,2.5085817164065616,1.6561700605109069",11.756658554077148,0.0,AGV2,2.2221977525184315,200
"-277.606391050399,4.72262083655855,1.6561735818421655",11.401653289794922,0.0,AGV2,2.2222003542640594,200
"-277.79588294484665,6.936718984789531,1.656172015523425",11.436939239501953,0.0,AGV2,2.222202681915251,200
"-277.9854189308464,9.150911470544544,1.6562226098844244",11.759042739868164,0.0,AGV2,2.22220475844579,200
"-278.1752140716843,11.364979328983798,1.656432190651768",11.768102645874023,0.0,AGV2,2.222206620153782,200
"-278.36568968444874,13.578956163042564,1.6568344868751919",11.406421661376953,0.0,AGV2,2.2222082833034515,200
"-278.557149011333,15.792918569861836,1.6572696479100069",11.462211608886719,0.0,AGV2,2.222209769573586,200
"-278.7494208942192,18.006873371815885,1.6575420699174126",11.771678924560547,0.0,AGV2,2.2222111002440164,200
"-278.9420557242866,20.22067699224189,1.657621489192537",11.893987655639648,0.0,AGV2,2.2222122893394736,200
"-279.13471425292977,22.434468010197985,1.6575714143317246",11.4593505859375,0.0,AGV2,2.2222133514487132,200
"-279.32716165018286,24.64829956259293,1.6574172872083048",11.570453643798828,0.0,AGV2,2.2222143006791937,200
"-279.5190773506091,26.86235739302728,1.6570908705359682",11.66987419128418,0.0,AGV2,2.2222151523937828,200
"-279.71019243485995,29.076294171934805,1.656724586004139",11.932134628295898,0.0,AGV2,2.222215910827071,200
"-279.9005653416981,31.290227752175465,1.6564583831551376",11.55853271484375,0.0,AGV2,2.222216588944137,200
"-280.0906461615661,33.504327815546844,1.6564637059415768",11.82866096496582,0.0,AGV2,2.222217195671122,200
"-280.28103984709867,35.71849901856692,1.656717239342293",11.809587478637695,0.0,AGV2,2.2222177434325845,200
"-280.4720760378043,37.932464131128725,1.6570166330059817",11.857271194458008,0.0,AGV2,2.2222182250673828,200
"-280.6636389029458,40.14631431929277,1.6571706264847323",11.493206024169922,0.0,AGV2,2.2222186605340997,200
"-280.85542703543416,42.361850363263954,1.6570762953671558",11.028528213500977,0.0,AGV2,2.2222190475211314,200
"-281.04643897168074,44.57433636364926,1.6567151472536574",11.55996322631836,0.0,AGV2,2.222219395835023,200
"-281.23653885327275,46.78838191904007,1.6561477768029151",11.93690299987793,0.0,AGV2,2.2222197062911024,200
"-281.42517331866645,49.00259358818177,1.6553845246883947",11.72780990600586,0.0,AGV2,2.222219984183328,200
"-281.61192198512066,51.21696172584697,1.6544717795164712",11.537551879882812,0.0,AGV2,2.2222202317356667,200
"-281.79674714123774,53.43142143786391,1.6537195317303963",11.467218399047852,0.0,AGV2,2.22222045110193,200
"-281.9803974069559,55.64613857440504,1.6534316040180785",11.610031127929688,0.0,AGV2,2.2214298490811064,200
"-282.1623379006218,57.84469663685861,1.6531919575828387",11.533498764038086,0.0,AGV2,2.18041308236399,200
"-282.3375263935845,59.974264990927516,1.6525401384349978",11.495351791381836,0.0,AGV2,2.09029493245807,200
"-282.5047219052437,62.01491860876423,1.6529339933928509",12.492656707763672,0.0,AGV2,2.002852275351199,200
"-282.6673011739932,63.962302594190106,1.6556127626781292",11.537790298461914,0.0,AGV2,1.9058962261256136,200
"-282.8278865493194,65.81455715218173,1.6586215414281262",11.614799499511719,0.0,AGV2,1.8115380210264376,200
"-282.98007004501255,67.57014484914238,1.654247363576624",11.658191680908203,0.0,AGV2,1.7123948070768962,200
"-283.10433720482297,69.23336947771936,1.6330156790277648",11.661052703857422,0.0,AGV2,1.6235044336408222,200
"-283.1739773957173,70.80722139653898,1.5938465989993036",11.664867401123047,0.0,AGV2,1.5262414220553846,200
"-283.1703573206499,72.28330415735562,1.5403089655260418",12.019872665405273,0.0,AGV2,1.4265001263021326,200
"-283.0852885696825,73.6768764693202,1.478528154696094",11.989593505859375,0.0,AGV2,1.3821760309669338,200
"-282.91521022768717,75.0507645955279,1.4175664952896423",11.817216873168945,0.0,AGV2,1.387798360208031,200
"-282.6700193838474,76.4174064205178,1.3726349745335478",11.829614639282227,0.0,AGV2,1.3888710809240306,200
"-282.378942075455,77.77554054919418,1.3511836787637936",11.84701919555664,0.0,AGV2,1.3889892037167368,200
"-282.07759267849275,79.13139294684588,1.3574521094905638",11.993885040283203,0.0,AGV2,1.388987046419913,200
"-281.80450827002437,80.4931680504897,1.3934417924608102",11.95216178894043,0.0,AGV2,1.3889740568722926,200
"-281.6011657323869,81.86692321818796,1.4591152078919736",12.160778045654297,0.0,AGV2,1.3889638515721259,200
"-281.5089817394132,83.25229616812997,1.554144804991805",11.956214904785156,0.0,AGV2,1.3889556734207196,200
"-281.56791605941174,84.6391215271842,1.6782359454060094",12.095212936401367,0.0,AGV2,1.3889485941971345,200
"-281.82317157385603,86.00290388346775,1.8407219843070817",11.876106262207031,0.0,AGV2,1.388942295699743,200
"-282.3255369749757,87.29502378640952,2.051187276189915",11.70802116394043,0.0,AGV2,1.3889366621827262,200
"-283.11116527633754,88.43604105947686,2.3017562349369465",11.746883392333984,0.0,AGV2,1.3889316252767,200
"-284.16525010782965,89.33405116783719,2.570252909560563",11.652708053588867,0.0,AGV2,1.3889271196124822,200
"-285.4144756519281,89.93331785462061,2.810819652529692",11.827707290649414,0.0,AGV2,1.3889230930988952,200
"-286.76450733874645,90.25060609188245,3.0009590166893547",21.83818817138672,0.0,AGV2,1.3889194915560965,200
"-288.1491112331524,90.34710675614897,3.1332375563793393",11.818647384643555,0.0,AGV2,1.388916270946969,200
"-289.53684443408673,90.3000469120497,-3.074413894252891",12.084484100341797,0.0,AGV2,1.3889133919679577,200
"-290.9204890162933,90.17957793598521,-3.041398857838675",2.006053924560547,0.0,AGV2,1.3888252214723869,200
"-292.29752591765293,90.0325267998067,-3.0313237676071934",2.0720958709716797,0.0,AGV2,1.3761475967661059,200
"-293.6601261906793,89.88095121264439,-3.0306739748787406",12.079238891601562,0.0,AGV2,1.385632805758997,200
"-295.06921390119953,89.72411602511579,-3.0308156311819117",12.140274047851562,0.0,AGV2,1.4445475823004241,200
"-296.61489234934083,89.55218898690408,-3.030824992662615",2.0601749420166016,0.0,AGV2,1.6857721494697409,200
"-298.4283921216984,89.35072120521068,-3.0312132001260705",2.0689964294433594,0.0,AGV2,1.955419602124953,200
"-300.4731553981215,89.12561329709149,-3.0329412100373636",2.0864009857177734,0.0,AGV2,2.1405702344655397,200
"-302.64712538997696,88.89210922241034,-3.036534758429986",12.11690902709961,0.0,AGV2,2.21561905060044,200
"-304.8567833074532,88.66446305499315,-3.0415019685008025",12.014389038085938,0.0,AGV2,2.222474629594187,200
"-307.0683572913938,88.4481998430087,-3.0466646554068637",2.1419525146484375,0.0,AGV2,2.2218093660914127,200
"-309.2804469438718,88.24282289709136,-3.051235247548319",12.263298034667969,0.0,AGV2,2.2216283101571155,200
"-311.4934580036863,88.04660378686735,-3.054917569362689",12.180328369140625,0.0,AGV2,2.2216487597504653,200
"-313.70711124079276,87.85773106837952,-3.058013629614911",12.19034194946289,0.0,AGV2,2.2217062633919955,200
"-315.92139506042236,87.67583218549304,-3.0613182879859293",2.2165775299072266,0.0,AGV2,2.2217618080537034,200
"-318.1363361290449,87.50158237811068,-3.0647619636641528",2.1893978118896484,0.0,AGV2,2.221811010162406,200
"-320.3518385455431,87.33422280964007,-3.0672613360173413",12.157678604125977,0.0,AGV2,2.221854637258927,200
"-322.5676275329388,87.1697669700831,-3.067465291253085",2.213001251220703,0.0,AGV2,2.2218935795046124,200
"-324.78334195455756,87.00404539741712,-3.0662641611813646",12.089729309082031,0.0,AGV2,2.22192837494959,200
"-326.99886483871285,86.83503620944413,-3.0646754300072763",12.319803237915039,0.0,AGV2,2.2219594981487414,200
"-329.21417515889385,86.66293354628144,-3.0635449122221408",2.323150634765625,0.0,AGV2,2.221987323522745,200
"-331.4293318241746,86.4890448685021,-3.063080515838002",2.2192001342773438,0.0,AGV2,2.222012200991979,200
"-333.6445466476218,86.31489400089433,-3.063317151233366",2.155780792236328,0.0,AGV2,2.222034448514488,200
"-335.8598610478656,86.14210008551679,-3.0643067765057905",22.219419479370117,0.0,AGV2,2.222054336274576,200
"-338.07539135252495,85.97226702147078,-3.065975985235357",2.209901809692383,0.0,AGV2,2.222072119828493,200
"-340.29131224318644,85.80676680203847,-3.0681994418802843",2.274751663208008,0.0,AGV2,2.2220880233386837,200
"-342.50754867231797,85.64672331974275,-3.07087354365905",22.356748580932617,0.0,AGV2,2.2212368450602797,200
"-344.7123870129053,85.49372302324036,-3.0737599562619904",12.289762496948242,0.0,AGV2,2.185356863821974,200
"-346.84224324133095,85.35190677399787,-3.0763901362532016",12.346029281616211,0.0,AGV2,2.0830542564629098,200
"-348.86999626680245,85.22183356099096,-3.078650780950343",14.620304107666016,0.0,AGV2,1.9809137109248818,200
"-350.7975566535332,85.1024205021666,-3.080768246228561",12.366771697998047,0.0,AGV2,1.883882157903853,200
"-352.6307393555912,84.99213279425966,-3.081981102316795",12.449502944946289,0.0,AGV2,1.7875530480723656,200
"-354.3658277335794,84.88744592404639,-3.0800514639553134",2.2721290588378906,0.0,AGV2,1.6924143281316,200
"-356.0209979998992,84.77868725986622,-3.069675789401333",2.195119857788086,0.0,AGV2,1.6241565388446395,200
"-357.5962396570899,84.64831865060158,-3.046151538727016",2.264738082885742,0.0,AGV2,1.5329798692610048,200
"-359.06370036845135,84.48417004468872,-3.013113415999608",12.31074333190918,0.0,AGV2,1.4026969826412148,200
"-360.4222895087654,84.28405319216759,-2.9776627833889355",2.3202896118164062,0.0,AGV2,1.366139985215824,200
"-361.7761360255376,84.03896220053103,-2.9487879371701373",2.3345947265625,0.0,AGV2,1.3847755143226972,200
"-363.13463830865913,83.75886411994829,-2.92970544924665",2.3751258850097656,0.0,AGV2,1.387686394595703,200
"-364.49018248658933,83.46169532003428,-2.924288891476734",2.3267269134521484,0.0,AGV2,1.3877889775875978,200
"-365.84595186452555,83.16511934571514,-2.9300851947871065",2.357006072998047,0.0,AGV2,1.3878829142214164,200
"-367.2052391704254,82.88458943074659,-2.947458107879952",2.4805068969726562,0.0,AGV2,1.387983442304226,200
"-368.5700922171672,82.6322842545768,-2.9702930601874824",12.419700622558594,0.0,AGV2,1.3880375799648463,200
"-369.9385354415134,82.41147366158995,-2.9926919557150695",2.440929412841797,0.0,AGV2,1.3804982461293296,200
"-371.29177800020676,82.22234532465795,-3.012308898185558",2.43377685546875,0.0,AGV2,1.352597204817765,200
"-372.64270698660835,82.05825636554576,-3.028619747612715",2.3949146270751953,0.0,AGV2,1.3965106742161513,200
"-374.11586141401847,81.901963220523,-3.0424680416982026",2.4683475494384766,0.0,AGV2,1.5710767879059835,200
"-375.8058167477103,81.74289219039987,-3.0518015624173804",2.490520477294922,0.0,AGV2,1.8299795595103958,200
"-377.7503659345011,81.57405441025294,-3.057721792890873",2.38037109375,0.0,AGV2,2.0601541660634535,200
"-379.87705259861815,81.39946552377329,-3.061322180472799",12.369871139526367,0.0,AGV2,2.1889431728963396,200
"-382.0813790765282,81.22466057821508,-3.0634770675622987",2.5177001953125,0.0,AGV2,2.2215323679787757,200
"-384.29629894491023,81.05225346892576,-3.06417392547669",2.5196075439453125,0.0,AGV2,2.221343078106809,200
"-386.5107831645447,80.88051944424019,-3.0640905653760973",2.4521350860595703,0.0,AGV2,2.2210110948211237,200
"-388.725138667355,80.70784902295111,-3.063363443902431",2.5184154510498047,0.0,AGV2,2.2210302898712575,200
"-390.939222221575,80.53318638157943,-3.0623089569158735",2.4657249450683594,0.0,AGV2,2.2211412420883505,200
"-393.15335800743253,80.35558092047741,-3.0606193387218346",2.4499893188476562,0.0,AGV2,2.2212557954887084,200
"-395.36715298668315,80.17301616744837,-3.0578064587572475",2.5348663330078125,0.0,AGV2,2.2213588488023346,200
"-397.5804616668042,79.98329962026061,-3.0543161307122615",2.4771690368652344,0.0,AGV2,2.2214504814119485,200
"-399.79328308648815,79.78746077066631,-3.0530958692216705",12.511491775512695,0.0,AGV2,2.221532235404993,200
"-402.00641182593324,79.59515754933203,-3.057998366994968",12.57014274597168,0.0,AGV2,2.221605300740183,200
"-404.22145747736823,79.42329305773936,-3.0720154374742767",2.590179443359375,0.0,AGV2,2.2216706268180295,200
"-406.4392108790973,79.29123843200892,-3.092423986513473",2.4521350860595703,0.0,AGV2,2.221729035995159,200
"-408.6592873047066,79.20531287367687,-3.113205391798238",2.533435821533203,0.0,AGV2,2.2217812720221417,200
"-410.8806241187408,79.16290951095662,-3.1306717975116554",12.69841194152832,0.0,AGV2,2.221827967860614,200
"-413.10243427394624,79.1495552823988,-3.138793243321042",12.619495391845703,0.0,AGV2,2.2218697137980583,200
"-415.32420762723007,79.14032027296102,-3.1331055011193376",2.475738525390625,0.0,AGV2,2.22190704517348,200
"-417.54562695709626,79.0954584902534,-3.1063947292074827",2.4433135986328125,0.0,AGV2,2.2219404209895894,200
"-419.7643947420189,78.97707850565627,-3.0701435226809357",2.565622329711914,0.0,AGV2,2.221970266856029,200
"-421.97797797536356,78.78632645976373,-3.04369002550479",12.691020965576172,0.0,AGV2,2.2219969590795854,200
"-424.18811737822773,78.55589772795751,-3.0344240270500533",2.6204586029052734,0.0,AGV2,2.2220208188772976,200
"-426.3974571383904,78.3188381758492,-3.0362641468027816",2.5773048400878906,0.0,AGV2,2.222042154867884,200
"-428.6079861016557,78.09273031052427,-3.0435129433020043",2.6755332946777344,0.0,AGV2,2.222061227986424,200
"-430.8202505520967,77.88448117054774,-3.051971779380298",2.4878978729248047,0.0,AGV2,2.222078286513507,200
"-433.0341429022519,77.6937766257538,-3.059007288075196",2.547740936279297,0.0,AGV2,2.2220935369389663,200
"-435.249061615914,77.51506516481787,-3.0624628072909337",2.590656280517578,0.0,AGV2,2.2221071708320674,200
"-437.46426182645575,77.34005596131385,-3.0627641341574003",2.8111934661865234,0.0,AGV2,2.2221193620997908,200
"-439.67941193202023,77.16408086104175,-3.0617296564542604",2.593994140625,0.0,AGV2,2.222130262116698,200
"-441.8933566241967,76.98526694982071,-3.0602734338635704",2.6731491088867188,0.0,AGV2,2.216791532816519,200
"-444.0841870101784,76.80523428047867,-3.059039224785155",2.690553665161133,0.0,AGV2,2.173407258031937,200
"-446.21176156338373,76.62850482849022,-3.0585004852490334",2.733469009399414,0.0,AGV2,2.0898492480689117,200
"-448.2457492411631,76.45911866340509,-3.0586169968081114",12.634992599487305,0.0,AGV2,1.9919357009198524,200
"-450.18186739787967,76.29880475598354,-3.0594992584886276",12.627601623535156,0.0,AGV2,1.8933128509060575,200
"-452.0195247332191,76.14901523156338,-3.061107977147805",2.724170684814453,0.0,AGV2,1.7941424533230512,200
"-453.7587167167337,76.01027725729917,-3.062895846137816",2.7282238006591797,0.0,AGV2,1.695312654556347,200
"-455.39961301880214,75.88170990922174,-3.0636807010851035",2.689838409423828,0.0,AGV2,1.5972112990461402,200
"-456.9557022309737,75.75975698841172,-3.06277873218973",2.7010440826416016,0.0,AGV2,1.5263887436311867,200
"-458.43508407088143,75.64092202465538,-3.059623850895945",2.7718544006347656,0.0,AGV2,1.4379393101614022,200
"-459.819393750981,75.5234507933103,-3.0539610109200224",2.741575241088867,0.0,AGV2,1.3403338154697964,200
"-461.0973479524541,75.40677703867495,-3.046892331157216",2.736806869506836,0.0,AGV2,1.2222491357848506,200
"-462.25238610663394,75.29414848995486,-3.042616414738137",2.6865005493164062,0.0,AGV2,1.098970227928424,200
"-463.28480983394553,75.19303495948367,-3.0466116494526636",3.0426979064941406,0.0,AGV2,0.9749563666486981,200
"-464.1935156120336,75.11427711812956,-3.0687767069301186",13.06295394897461,0.0,AGV2,0.857955926009184,200
"-465.03233091543535,75.07259530587433,-3.1206220386765784",2.8269290924072266,0.0,AGV2,0.8315534562480461,200
"-465.86399576972184,75.0895095411536,3.0719018749303837",12.781381607055664,0.0,AGV2,0.8328060975014844,200
"-466.68837276193966,75.20442655454576,2.9236069805143865",2.7840137481689453,0.0,AGV2,0.8333074374815344,200
"-467.47793263411194,75.46602168962924,2.708447565413402",3.215312957763672,0.0,AGV2,0.8334088783900871,200
"-468.1755759469305,75.91636468573707,2.4133417607984216",2.7799606323242188,0.0,AGV2,0.8334121406210911,200
"-468.6892266307797,76.56713140114448,2.058397714148606",2.7828216552734375,0.0,AGV2,0.8334029580573915,200
"-468.9231783764439,77.36165356214988,1.6492944770777072",12.244462966918945,0.0,AGV2,0.8333948718643193,200
"-468.81582559568966,78.18139540587865,1.2349570818159894",2.7048587799072266,0.0,AGV2,0.8333882395908909,200
"-468.3982786508405,78.89701663580828,0.8615138428681252",14.149188995361328,0.0,AGV2,0.8333824846861585,200
"-467.7664345054667,79.4357567578844,0.5658523179138415",2.8810501098632812,0.0,AGV2,0.8333773672595289,200
"-467.0187870845284,79.80034308514203,0.3545816878310869",2.811431884765625,0.0,AGV2,0.8333727938980575,200
"-466.2187620086263,80.03147033824622,0.21971105890217502",2.8481483459472656,0.0,AGV2,0.8333686992834303,200
"-465.3986620336742,80.17834773719358,0.14189618993189965",2.9382705688476562,0.0,AGV2,0.8333650428759849,200
"-464.5712752944205,80.27760053873138,0.10226136887880441",2.89154052734375,0.0,AGV2,0.8333617708451241,200
"-463.7415437772367,80.35481768328783,0.08544233771770945",12.861490249633789,0.0,AGV2,0.8333588464899117,200
"-462.91088230730014,80.42194021152018,0.07730496013169941",12.708187103271484,0.0,AGV2,0.8333562303969644,200
"-462.08000836213733,80.48639903660168,0.07852986561202001",2.8493404388427734,0.0,AGV2,0.8333538927951212,200
"-461.24932053730834,80.55247612295281,0.07981092411008203",3.0889511108398438,0.0,AGV2,0.832889902567069,200
"-460.420879313961,80.61856676867937,0.07921030430924701",2.7625560760498047,0.0,AGV2,0.8319785833657879,200
"-459.57892333522165,80.68488790302987,0.07797881803964044",2.880573272705078,0.0,AGV2,0.9165009922722165,200
"-458.46583661830397,80.77105099148552,0.07670963796065164",2.924203872680664,0.0,AGV2,1.3347181044187715,200
"-456.9660321554446,80.8861407251578,0.07674037050714685",12.939929962158203,0.0,AGV2,1.6452913329247685,200
"-455.19230401993303,81.02365335575224,0.07813217395035564",13.011455535888672,0.0,AGV2,1.9100374929484965,200
"-453.17902375213816,81.183197272306,0.08000350529534925",2.9189586639404297,0.0,AGV2,2.1126383965548112,200
"-451.01737232724,81.35839345298874,0.08165944498837616",13.058185577392578,0.0,AGV2,2.20728049237649,200
"-448.80670174714777,81.54075212303871,0.0828701129372763",12.891292572021484,0.0,AGV2,2.2213096163597608,200
"-446.59322474114725,81.72553126301364,0.08362625891768713",13.74197006225586,0.0,AGV2,2.220807822043508,200
"-444.38037306222435,81.91147518466694,0.08397437281876308",3.1299591064453125,0.0,AGV2,2.220686065547173,200
"-442.16750978643466,82.0977807867486,0.08395147136038715",23.065805435180664,0.0,AGV2,2.2207904453832685,200
"-439.9544301102359,82.28360357320358,0.08351339768735597",3.1256675720214844,0.0,AGV2,2.220935995908529,200
"-437.74110608064535,82.46801452022008,0.08268622919388689",3.0388832092285156,0.0,AGV2,2.221072891870242,200
"-435.5274480740128,82.65026251799867,0.08152584223530565",12.985467910766602,0.0,AGV2,2.2211951006748625,200
"-433.3134599541297,82.8290366846179,0.07933678735010928",23.035764694213867,0.0,AGV2,2.2213039885065347,200
"-431.09865029360594,83.00045887777064,0.07449953075035963",3.087759017944336,0.0,AGV2,2.221401228908052,200
"-428.88272633772806,83.15652887260009,0.06533639829528423",23.101329803466797,0.0,AGV2,2.221488155749797,200
"-426.6650360761657,83.28657248748046,0.05077671804422322",24.36518669128418,0.0,AGV2,2.221565885195761,200
"-424.4454212721217,83.38035350173425,0.03434916270969266",23.35357666015625,0.0,AGV2,2.221635379695455,200
"-422.2246724583969,83.4426524918016,0.022231184109281356",3.1180381774902344,0.0,AGV2,2.2216975122613647,200
"-420.00329276587433,83.48174769181858,0.013650270318021554",3.032684326171875,0.0,AGV2,2.221753078735174,200
"-417.7816953151121,83.50649160417505,0.009356779877213041",23.396968841552734,0.0,AGV2,2.2218027593398664,200
"-415.55990575416683,83.52655721061986,0.009438587915561937",3.0791759490966797,0.0,AGV2,2.221847178618854,200
"-413.3381921013473,83.55183753165231,0.014126627163411159",23.13828468322754,0.0,AGV2,2.221886895908047,200
"-411.1167300873856,83.59301748432578,0.023739856963186683",3.1099319458007812,0.0,AGV2,2.221922408864986,200
"-408.89578792997764,83.66026466184371,0.0371849101698639",33.14328193664551,0.0,AGV2,2.2219541587211498,200
"-406.67600976474347,83.75908955803622,0.05152818831785053",23.06652069091797,0.0,AGV2,2.2219825508072457,200
"-404.45776718516527,83.88722818680394,0.06331182590686978",13.263940811157227,0.0,AGV2,2.2220079412140086,200
"-402.2408361154675,84.03762997073721,0.0716290722878422",23.161649703979492,0.0,AGV2,2.222030638989864,200
"-400.02500302924653,84.2033964904303,0.07740444914996401",13.252496719360352,0.0,AGV2,2.2220509312995285,200
"-397.810012500909,84.38021235548177,0.08163324642522082",23.30780029296875,0.0,AGV2,2.222069074860203,200
"-395.5955813867269,84.56476060234536,0.08427321651735395",3.165721893310547,0.0,AGV2,2.222085299630835,200
"-393.381424593753,84.75254399662514,0.08455786358104787",23.173809051513672,0.0,AGV2,2.2220998109466525,200
"-391.1672070804039,84.93932866943226,0.08365607777765859",3.25775146484375,0.0,AGV2,2.222112781062601,200
"-388.95273222118203,85.12372148162132,0.08250381951128558",13.16070556640625,0.0,AGV2,2.2221243801618935,200
"-386.73806450930846,85.30573955246508,0.08154125991661686",13.241052627563477,0.0,AGV2,2.222134748956618,200
"-384.52327882886584,85.48594290524082,0.080885995931543",13.151168823242188,0.0,AGV2,2.222144019851915,200
"-382.3083329703065,85.66515644523054,0.08064637942506633",13.248920440673828,0.0,AGV2,2.222152309921506,200
"-380.09338443396734,85.84415384822262,0.08064079499094587",13.283014297485352,0.0,AGV2,2.222159722326405,200
"-377.87863596534424,86.02322201983242,0.08079021040562138",3.354310989379883,0.0,AGV2,2.2221663533707745,200
"-375.66537512348344,86.20386532887397,0.08261805066095561",3.2300949096679688,0.0,AGV2,2.2121833844330823,200
"-373.49134382182496,86.39061554583851,0.09019577036416236",13.296842575073242,0.0,AGV2,2.1420772334819342,200
"-371.401379644651,86.59637755901261,0.10823584407136365",3.273487091064453,0.0,AGV2,2.0573688151652565,200
"-369.4066316134367,86.83577323844695,0.12948836895469384",3.226041793823242,0.0,AGV2,1.9595632444292463,200
"-367.51305063993345,87.08848405656023,0.1310238155695603",23.242712020874023,0.0,AGV2,1.8610766659743327,200
"-365.7107682515476,87.30560212292072,0.10516362683860435",13.206005096435547,0.0,AGV2,1.7718978687129647,200
"-363.99320944211496,87.46956386765484,0.09002983685966824",3.2198429107666016,0.0,AGV2,1.6768679211681874,200
"-362.37057016169007,87.64332260570369,0.13719727826204775",3.245830535888672,0.0,AGV2,1.5880637892349017,200
"-360.8607239666932,87.94104586401214,0.2675715895182061",13.218402862548828,0.0,AGV2,1.4906386214439087,200
"-359.5202612206612,88.45537498602424,0.479384140945645",3.258943557739258,0.0,AGV2,1.3834938962343861,200
"-358.4049392448859,89.23649459321703,0.7518295155580798",13.432979583740234,0.0,AGV2,1.3661573190943417,200
"-357.5526199792174,90.31205781631901,1.0501446831153143",23.36859703063965,0.0,AGV2,1.3863596931845314,200
"-357.03931275236357,91.59724620296353,1.3213469119399062",23.349523544311523,0.0,AGV2,1.3886617163470554,200
"-356.8498091064267,92.97022855263178,1.536470003438425",3.3044815063476562,0.0,AGV2,1.3886490209778943,200
"-356.91885598894174,94.35559543816815,1.6941288057251507",3.3540725708007812,0.0,AGV2,1.3886363888129605,200
"-357.16205121948826,95.72230598412548,1.790167418903985",13.351202011108398,0.0,AGV2,1.3886527820919166,200
"-357.4981316329332,97.06959788877903,1.8325977978650032",3.2126903533935547,0.0,AGV2,1.3886762356720572,200
"-357.8611131232405,98.4099758993517,1.8339692506665957",23.404836654663086,0.0,AGV2,1.388698744753504,200
"-358.21502302089124,99.75284465182204,1.8206535792976137",13.359308242797852,0.0,AGV2,1.388718955117126,200
"-358.5427723270263,101.10229444977465,1.79660052849787",13.451337814331055,0.0,AGV2,1.3887369882477316,200
"-358.8363746652356,102.45958671415416,1.771215863577205",3.4618377685546875,0.0,AGV2,1.3887530930804932,200
"-359.09669142430863,103.82372344505606,1.747824665296439",13.489484786987305,0.0,AGV2,1.3887674905034613,200
"-359.326572969554,105.19332255248528,1.726875764050914",13.395309448242188,0.0,AGV2,1.3887803649943833,200
"-359.52968907091065,106.56712755990581,1.708704090117643",3.5436153411865234,0.0,AGV2,1.3887918733282172,200
"-359.7094211903347,107.94396358079543,1.6929733080357794",23.387432098388672,0.0,AGV2,1.3869967724373977,200
"-359.8679126264173,109.31185303387026,1.6796767249446287",3.4668445587158203,0.0,AGV2,1.3624960181348165,200
"-360.0073876018244,110.66059657598362,1.6684301843617293",23.525476455688477,0.0,AGV2,1.379406206132407,200
"-360.1467690741971,112.15141153095486,1.6603855524088305",23.48780632019043,0.0,AGV2,1.6288083660405581,200
"-360.2988506186769,113.9123818801299,1.6539588996639525",3.4894943237304688,0.0,AGV2,1.9027795838080366,200
"-360.46128024501667,115.92064876470889,1.649340574987609",13.385534286499023,0.0,AGV2,2.109974672828491,200
"-360.62623166176144,118.08223044184841,1.6442081862665507",13.362884521484375,0.0,AGV2,2.207710357365844,200
"-360.77983792644545,120.29627891186315,1.6351771954003855",13.523578643798828,0.0,AGV2,2.2230675163845626,200
"-360.9074704088484,122.51528451444777,1.6198350775078338",23.45752716064453,0.0,AGV2,2.222389910466117,200
"-360.99199229731994,124.73585629759555,1.5967100739710898",23.494958877563477,0.0,AGV2,2.222087527479544,200
"-361.01850654406326,126.95768376141397,1.5680962422412472",13.53597640991211,0.0,AGV2,2.2220385821348594,200
"-360.9799308664255,129.17919719573217,1.5396443803449538",3.5963058471679688,0.0,AGV2,2.2220508558492638,200
"-360.88449927140954,131.39928114295108,1.5173234207735122",33.437490463256836,0.0,AGV2,2.222069586974934,200
"-360.75068843823453,133.61731415853342,1.506124787631543",13.55123519897461,0.0,AGV2,2.222086268343129,200
"-360.6067452612262,135.8346587234743,1.507916776125737",13.557672500610352,0.0,AGV2,2.222100809431592,200
"-360.48190700330423,138.05328216434756,1.5240091532607538",23.6051082611084,0.0,AGV2,2.222113696603191,200
"-360.4086226090572,140.2741294075543,1.5534207163687956",23.663043975830078,0.0,AGV2,2.222125192722278,200
"-360.4130423262993,142.49609325733925,1.5945271964172012",23.545503616333008,0.0,AGV2,2.222135477577692,200
"-360.5313483004636,144.71472768332075,1.657535358650365",23.862361907958984,0.0,AGV2,2.2221446706850023,200
"-360.8279970359275,146.91597703592618,1.763158959221376",23.592472076416016,0.0,AGV2,2.2221528857489306,200
"-361.43391021704537,149.05077578681488,1.9443802001245143",3.534555435180664,0.0,AGV2,2.2221602474115274,200
"-362.48252412177965,151.00344792435843,2.1927368635771645",24.005413055419922,0.0,AGV2,2.222166809631113,200
"-364.01809689406974,152.5986141562147,2.486261597471974",23.69213104248047,0.0,AGV2,2.222172691875701,200
"-365.9546716682792,153.67204592815588,2.7800209271221705",3.507852554321289,0.0,AGV2,2.222177952841093,200
"-368.10995502363744,154.19090706961347,3.0173771225987744",3.6673545837402344,0.0,AGV2,2.2221826517549066,200
"-370.3280192367988,154.28996017455262,-3.1226437740579476",13.65518569946289,0.0,AGV2,2.2221868513426393,200
"-372.5468726522585,154.17246854900174,-3.066373806607106",13.53001594543457,0.0,AGV2,2.2221906087994636,200
"-374.7617443257849,153.99310287446548,-3.0587216941827213",3.6666393280029297,0.0,AGV2,2.2221939665080495,200
"-376.9765642689426,153.8115743640291,-3.061179689430122",23.450136184692383,0.0,AGV2,2.222196969380249,200
"-379.1917457361199,153.6351833188253,-3.062810057280422",33.777475357055664,0.0,AGV2,2.222199649739074,200
"-381.40705595027583,153.46087292389723,-3.0631975943703393",13.733386993408203,0.0,AGV2,2.2222020447054276,200
"-383.6224170181472,153.28679770881695,-3.0631237091360175",15.239953994750977,0.0,AGV2,2.2222041719130545,200
"-385.8377347624792,153.11240206427715,-3.0629383825987437",13.60940933227539,0.0,AGV2,2.222206096445834,200
"-388.0531003961891,152.93762680532694,-3.0628008951601045",13.490676879882812,0.0,AGV2,2.222207813783923,200
"-390.26840383379067,152.76263735635052,-3.062737798834042",13.803482055664062,0.0,AGV2,2.2222093487958046,200
"-392.4835781756836,152.5874876018414,-3.062623107580989",3.726482391357422,0.0,AGV2,2.2222107164174485,200
"-394.6989576545179,152.41201381336123,-3.0624780001837086",23.490428924560547,0.0,AGV2,2.2222119564817926,200
"-396.9142513772487,152.23623892782186,-3.0623523227213907",16.587495803833008,0.0,AGV2,2.2222130622107277,200
"-399.12946357926796,152.06019675477293,-3.0622214148128704",3.633737564086914,0.0,AGV2,2.222214031243907,200
"-401.3446604198494,151.88378946999953,-3.0620091701152132",33.80608558654785,0.0,AGV2,2.2222149180728086,200
"-403.5598245872346,151.70680925311166,-3.0617214365793854",3.6466121673583984,0.0,AGV2,2.2222156995275535,200
"-405.7748529195228,151.52917366346358,-3.0614129652384063",3.8313865661621094,0.0,AGV2,2.2222163943257245,200
"-407.989951334611,151.35082760814885,-3.0610882376461737",3.8766860961914062,0.0,AGV2,2.222217025621953,200
"-410.2049775010491,151.17173982409548,-3.060743079094915",3.793478012084961,0.0,AGV2,2.222217595246206,200
"-412.419837045348,150.99187146126602,-3.0603781649714703",3.801584243774414,0.0,AGV2,2.2222181010266455,200
"-414.6347389969332,150.81117919594777,-3.060003365975013",13.665437698364258,0.0,AGV2,2.2222185567141617,200
"-416.84954947979884,150.6296254454641,-3.059601664674445",13.866901397705078,0.0,AGV2,2.2222189589210086,200
"-419.0641132027761,150.44720059966616,-3.0592104825821584",13.79537582397461,0.0,AGV2,2.2222193171874287,200
"-421.27890217671666,150.2639403513924,-3.0588722207038357",23.905515670776367,0.0,AGV2,2.2222196292070144,200
"-423.4934850219265,150.0799979948252,-3.05857856363492",3.923654556274414,0.0,AGV2,2.222219917729715,200
"-425.7080411666578,149.8954175608285,-3.0582947235056706",3.804445266723633,0.0,AGV2,2.2222201732140006,200
"-427.9225215704579,149.7102512608035,-3.058061054536238",3.941059112548828,0.0,AGV2,2.222220402294962,200
"-430.13697335567673,149.5247225213845,-3.057987425225657",13.84592056274414,0.0,AGV2,2.2222206026482247,200
"-432.3513329992198,149.33924880006725,-3.058096690165452",13.936042785644531,0.0,AGV2,2.2222207888891603,200
"-434.56594237248447,149.15406708505276,-3.0582294659930858",23.898601531982422,0.0,AGV2,2.2222209521603205,200
"-436.7804601406689,148.9691101690718,-3.0582938725671083",3.943920135498047,0.0,AGV2,2.222221106661715,200
"-438.9950078048409,148.78434083192647,-3.058443548999093",3.918886184692383,0.0,AGV2,2.222221261959009,200
"-441.2095522457228,148.60018552541962,-3.0588607163430224",3.957509994506836,0.0,AGV2,2.2222213847560717,200
"-443.42423358399157,148.4171829737874,-3.0594291043787996",13.97848129272461,0.0,AGV2,2.2222214843251304,200
"-445.63891124897407,148.23533427404934,-3.059863743964317",23.869037628173828,0.0,AGV2,2.222221582041657,200
"-447.85382087579546,148.05413030141818,-3.060006455279285",3.9381980895996094,0.0,AGV2,2.222221662643374,200
"-450.0686286891419,147.8728573984534,-3.0597910619960187",23.973941802978516,0.0,AGV2,2.2222217405758378,200
"-452.2832486903636,147.69076433019995,-3.0592873992120095",34.05952453613281,0.0,AGV2,2.2222218099783784,200
"-454.49804347746164,147.50739535618564,-3.05870831964939",24.10101890563965,0.0,AGV2,2.222221862737834,200
"-456.71258830292874,147.32294126207583,-3.0583162823536574",23.95033836364746,0.0,AGV2,2.222221908721917,200
"-458.92699134414414,147.13791111911775,-3.058182995482272",4.044294357299805,0.0,AGV2,2.2222219554605327,200
"-461.14158609661564,146.9527823229042,-3.0582057635692292",24.695634841918945,0.0,AGV2,2.222221994881542,200
"-463.3560938593147,146.7675925180377,-3.0580598999605746",24.371623992919922,0.0,AGV2,2.222222029383348,200
"-465.57046459610694,146.58157643542378,-3.0574260635512003",3.950834274291992,0.0,AGV2,2.222222057074206,200
"-467.7847517195827,146.39372606735742,-3.0564742998587517",34.01637077331543,0.0,AGV2,2.2222220876587886,200
"-469.99890459913684,146.20397242832973,-3.055835328490182",24.010181427001953,0.0,AGV2,2.222222106411992,200
"-472.21289685570144,146.01368173632181,-3.0560556075427234",4.086732864379883,0.0,AGV2,2.222222129162952,200
"-474.42494448453255,145.8253928685006,-3.057526838681368",4.018068313598633,0.0,AGV2,2.2086960243607052,200
"-476.5872561601348,145.64541845718526,-3.059411726299902",43.98298263549805,0.0,AGV2,2.1237263873390604,200
"-478.65489121405983,145.4741463281826,-3.057127885996329",23.983240127563477,0.0,AGV2,2.0300058003409602,200
"-480.63928700464305,145.29304661104553,-3.039755711117343",4.017114639282227,0.0,AGV2,1.9528888739249515,200
"-482.53150770416585,145.061041432065,-2.993689081021315",24.369239807128906,0.0,AGV2,1.8562842072075416,200
"-484.30003044291385,144.72965689962987,-2.9123716123264023",14.058113098144531,0.0,AGV2,1.7432236078980152,200
"-485.91872026099236,144.25918119086134,-2.8003490677282086",3.9408206939697266,0.0,AGV2,1.6299856583966719,200
"-487.37006303407594,143.64511480229555,-2.683666336631801",5.672931671142578,0.0,AGV2,1.5250960573856498,200
"-488.6625365454395,142.93924243345703,-2.6099757099343246",3.9060115814208984,0.0,AGV2,1.4202615473105458,200
"-489.8524721342406,142.2236933258251,-2.5999062414775684",13.902664184570312,0.0,AGV2,1.3765344370704837,200
"-491.0472108569292,141.52947615427374,-2.637220613341433",3.9763450622558594,0.0,AGV2,1.38716278130959,200
"-492.28238595206204,140.89585406609856,-2.701235671303432",3.464937210083008,0.0,AGV2,1.3888545452764667,200
"-493.56041957230474,140.35301673733963,-2.7801568206763454",4.020214080810547,0.0,AGV2,1.3889778334932796,200
"-494.8782083843475,139.91522492118295,-2.861708892819407",4.104852676391602,0.0,AGV2,1.3889692077275966,200
"-496.2266536771871,139.58345657387946,-2.9360159219419932",24.2464542388916,0.0,AGV2,1.3889555453048321,200
"-497.5940886632707,139.3412609287962,-2.9936982447747438",4.156351089477539,0.0,AGV2,1.3889468314198672,200
"-498.97182422921986,139.1657889148021,-3.0325949442373945",4.108905792236328,0.0,AGV2,1.3889404211731433,200
"-500.35410775596984,139.03042926345915,-3.0525782816527167",14.021158218383789,0.0,AGV2,1.388934967162957,200
"-501.7379734447534,138.91173899138843,-3.057821690024851",14.203548431396484,0.0,AGV2,1.3889301160236573,200
"-503.12205960546925,138.7957844723999,-3.057898576126873",4.157781600952148,0.0,AGV2,1.3889257741605199,200
"-504.5060495396222,138.6789524660347,-3.0567028599956663",4.200220108032227,0.0,AGV2,1.388921888933738,200
"-505.8898050669743,138.56010346874956,-3.0550913331742953",24.16706085205078,0.0,AGV2,1.388372370701738,200
"-507.2715797063602,138.43907545384903,-3.053334697710503",34.20305252075195,0.0,AGV2,1.388549384849094,200
"-508.6668457237595,138.3142309506868,-3.05130979754503",4.310846328735352,0.0,AGV2,1.399470300085139,200
"-510.03158884048923,138.18919058256597,-3.0491631726644597",14.184236526489258,0.0,AGV2,1.3516217419032353,200
"-511.35938300644943,138.0646810640716,-3.047029258070764",4.241466522216797,0.0,AGV2,1.3085382618693064,200
"-512.6195965926619,137.94418566615323,-3.0456456546778297",14.094114303588867,0.0,AGV2,1.2180458803157395,200
"-513.7821385229082,137.83194422926215,-3.0451880643601",14.325380325317383,0.0,AGV2,1.1176684337137417,200
"-514.844718076471,137.72932210953977,-3.0455678457140207",4.142045974731445,0.0,AGV2,1.0173778495890544,200
"-515.8075417147426,137.63701845614816,-3.046555787584807",4.312038421630859,0.0,AGV2,0.9171588244516155,200
"-516.6707871567725,137.5552656800019,-3.0478335724141408",14.350652694702148,0.0,AGV2,0.8169955358128227,200
"-517.4343731828392,137.48402878127618,-3.0493969412332786",24.416208267211914,0.0,AGV2,0.7167399315309576,200
"-518.0981660697289,137.42323877396532,-3.0512029840572614",4.251241683959961,0.0,AGV2,0.6164583541198823,200
"-518.6623314969117,137.37260628465495,-3.053021105816682",4.077434539794922,0.0,AGV2,0.516298471661639,200
"-519.126790458057,137.33175892478945,-3.054729491763335",4.261255264282227,0.0,AGV2,0.4163269551401752,200
"-519.491635410101,137.30021837738678,-3.0559511380889672",4.1446685791015625,0.0,AGV2,0.3160947064979702,200
"-519.7567510515673,137.2775600091851,-3.0566809278495333",4.2362213134765625,0.0,AGV2,0.2160939274097056,200
"-519.9251735908349,137.2632498218157,-3.056945309800752",4.425287246704102,0.0,AGV2,0.12963557070663098,200
"-520.0294694847958,137.25440479491448,-3.0570232003096214",4.314661026000977,0.0,AGV2,0.08421034297174348,200
"-520.0992953220025,137.24848667929092,-3.05705368052499",4.294157028198242,0.0,AGV2,0.059433202078762556,200
"-520.1538609790045,137.2438632077486,-3.057070301357423",4.233837127685547,0.0,AGV2,0.05202912853261985,200
"-520.2049710468282,137.2395332950274,-3.0570836310518557",4.268646240234375,0.0,AGV2,0.05092047498673581,200
"-520.2555661515919,137.23524767146677,-3.057096367525303",4.433393478393555,0.0,AGV2,0.05065191537788259,200
"-520.3059303997084,137.23098222856095,-3.057108475417169",14.34469223022461,0.0,AGV2,0.05045393655134038,200
"-520.356157436604,137.22672902527142,-3.057120713284582",4.2972564697265625,0.0,AGV2,0.05038345790599643,200
"-520.4063688904524,137.22247774313587,-3.057132405673026",4.188776016235352,0.0,AGV2,0.050403757640231216,200
"-520.4546184556078,137.21839313408844,-3.057143825735717",24.539947509765625,0.0,AGV2,0.012289050653459269,200
"-520.4546184556078,137.21839313408844,-3.057143825735717",4.456281661987305,0.0,AGV2,0.0,200
"-520.4546184556078,137.21839313408844,-3.057143825735717",4.413127899169922,0.0,AGV2,0.0,200
"-520.4546184556078,137.21839313408844,-3.057143825735717",24.451255798339844,0.0,AGV2,0.0,200
"-520.4546184556078,137.21839313408844,-3.057143825735717",4.511117935180664,0.0,AGV2,0.0,200
"-520.4546184556078,137.21839313408844,-3.057143825735717",4.341840744018555,0.0,AGV2,0.0,200
"-520.4546184556078,137.21839313408844,-3.057143825735717",4.379749298095703,0.0,AGV2,0.0,200
"-520.4546184556078,137.21839313408844,-3.057143825735717",4.392385482788086,0.0,AGV2,0.0,200
"-520.4546184556078,137.21839313408844,-3.057143825735717",4.472970962524414,0.0,AGV2,0.0,200
"-520.4546184556078,137.21839313408844,-3.057143825735717",4.409551620483398,0.0,AGV2,0.0,200
"-520.4546184556078,137.21839313408844,-3.057143825735717",34.42263603210449,0.0,AGV2,0.0,200
"-520.4546184556078,137.21839313408844,-3.057143825735717",4.461050033569336,0.0,AGV2,0.0,200
"-520.4546184556078,137.21839313408844,-3.057143825735717",4.57763671875,0.0,AGV2,0.0,200
"-520.4546184556078,137.21839313408844,-3.057143825735717",4.600286483764648,0.0,AGV2,0.0,200
"-520.4546184556078,137.21839313408844,-3.057143825735717",4.500150680541992,0.0,AGV2,0.0,200
"-520.4546184556078,137.21839313408844,-3.057143825735717",4.58073616027832,0.0,AGV2,0.0,200
"-520.4546184556078,137.21839313408844,-3.057143825735717",4.533529281616211,0.0,AGV2,0.0,200
"-520.4546184556078,137.21839313408844,-3.057143825735717",4.507780075073242,0.0,AGV2,0.0,200
"-520.4546184556078,137.21839313408844,-3.057143825735717",4.669189453125,0.0,AGV2,0.0,200
"-520.4546184556078,137.21839313408844,-3.057143825735717",14.548301696777344,0.0,AGV2,0.0,200
